Player,Team,Season,Season Type,Games,Less than 8ft. %,8-16 feet %,16-24 feet %,24+ feet %,Back Court Shots %,Less than 8ft. usage %,8-16 feet usage %,16-24 feet usage %,24+ feet usage %,Back Court Shots usage %,Avg. Shot Dis.(ft.),Avg. Made Shot Dis.(ft.),Avg. Missed Shot Dis.(ft.)
James Harden,Rockets,2017-2018,REG,60,0.579,0.437,0.353,0.376,0,34.76,9.78,4.19,51.11,0.16,15.73,13.13,17.86
Anthony Davis,Pelicans,2017-2018,REG,59,0.67,0.412,0.369,0.344,0,51.38,20.91,16.09,11.27,0.34,9.24,6.61,12.2
Giannis Antetokounmpo,Bucks,2017-2018,REG,64,0.668,0.359,0.345,0.297,0,58.28,16.39,16.06,9.19,0.08,8.33,5.46,11.57
LeBron James,Cavaliers,2017-2018,REG,68,0.698,0.43,0.374,0.372,0,50.7,11.67,11.98,25.58,0.08,11.09,7.96,14.84
Damian Lillard,Trail Blazers,2017-2018,REG,61,0.53,0.421,0.469,0.379,0,33.19,9.88,12.56,44.37,0,15.71,14.02,17.07
Kevin Durant,Warriors,2017-2018,REG,59,0.714,0.486,0.485,0.433,0,24.03,23.85,18.28,33.55,0.28,15.33,13.37,17.46
Stephen Curry,Warriors,2017-2018,REG,48,0.603,0.537,0.605,0.432,0,23.46,8.1,10.4,57.07,0.97,18.41,16.56,20.23
Russell Westbrook,Thunder,2017-2018,REG,68,0.579,0.381,0.395,0.284,0,41.94,16.94,21.46,19.58,0.07,11.52,8.85,13.68
DeMarcus Cousins,Pelicans,2017-2018,REG,46,0.573,0.431,0.276,0.358,0,53.15,6.06,6.9,33.53,0.36,11.77,8.98,14.25
Devin Booker,Suns,2017-2018,REG,54,0.519,0.392,0.451,0.387,0,27.42,22.49,13.66,36.05,0.38,15.12,13.67,16.22
Kyrie Irving,Celtics,2017-2018,REG,60,0.573,0.473,0.545,0.41,0,34.22,17.11,11.32,37.26,0.09,14.44,13.01,15.83
Joel Embiid,76ers,2017-2018,REG,56,0.624,0.442,0.404,0.306,0,41.87,27.88,10.26,20,0,11.06,8.51,13.48
DeMar DeRozan,Raptors,2017-2018,REG,68,0.587,0.45,0.429,0.326,0,31.5,29.61,18.59,19.9,0.41,12.98,11.01,14.69
Victor Oladipo,Pacers,2017-2018,REG,63,0.634,0.396,0.428,0.37,0,32.41,12.05,23.48,31.89,0.17,14.64,12.14,16.88
Bradley Beal,Wizards,2017-2018,REG,69,0.616,0.435,0.417,0.376,0,28.6,17.93,18.32,35.07,0.08,15,12.94,16.77
Lou Williams,Clippers,2017-2018,REG,66,0.532,0.454,0.421,0.363,0.25,31.58,15.48,11.21,41.37,0.36,15.24,13.34,16.71
Kemba Walker,Hornets,2017-2018,REG,67,0.497,0.392,0.446,0.398,0,29.01,12.13,15.61,42.66,0.59,15.92,14.54,16.97
Kristaps Porzingis,Knicks,2017-2018,REG,48,0.52,0.419,0.422,0.402,0,25.31,32.51,16.54,25.2,0.45,14.28,13.04,15.25
LaMarcus Aldridge,Spurs,2017-2018,REG,62,0.631,0.422,0.397,0.313,0,42.45,30.56,19.58,7.32,0.09,9.99,7.93,12.04
Jimmy Butler,Timberwolves,2017-2018,REG,56,0.6,0.438,0.396,0.359,0,36.85,25.4,15.76,21.77,0.23,12.26,10.08,14.23
Paul George,Thunder,2017-2018,REG,67,0.59,0.362,0.327,0.413,0,25.91,13.44,15.12,45.18,0.35,16.25,14.39,17.69
CJ McCollum,Trail Blazers,2017-2018,REG,67,0.476,0.46,0.443,0.417,0,29.29,20.67,17.97,32.08,0,14.47,13.87,14.97
Blake Griffin,"Clippers, Pistons",2017-2018,REG,52,0.564,0.267,0.29,0.341,0,47.03,9.91,11.01,31.94,0.11,12.4,9.49,14.62
Karl-Anthony Towns,Timberwolves,2017-2018,REG,69,0.64,0.445,0.512,0.423,0,53.47,13.45,8.4,24.58,0.11,10.47,8.61,12.74
Khris Middleton,Bucks,2017-2018,REG,68,0.527,0.566,0.457,0.353,0,21.31,26.55,19.98,32.06,0.1,15.43,13.97,16.71
Donovan Mitchell,Jazz,2017-2018,REG,66,0.557,0.361,0.481,0.347,0,35.82,13.13,9.48,41.48,0.09,14.64,12.27,16.47
TJ Warren,Suns,2017-2018,REG,64,0.615,0.42,0.401,0.213,0,50.81,24.41,16.33,8.45,0,8.73,6.44,11
Tyreke Evans,Grizzlies,2017-2018,REG,50,0.505,0.267,0.412,0.401,0,52.37,1.93,10.27,35.17,0.26,12.06,10.55,13.31
Klay Thompson,Warriors,2017-2018,REG,64,0.622,0.447,0.506,0.441,0,16.03,15.54,24.34,43.89,0.2,17.84,16.69,18.92
Jrue Holiday,Pelicans,2017-2018,REG,66,0.601,0.435,0.5,0.346,0,46.81,14.68,9.15,29.17,0.19,11.81,9.41,14.12
John Wall,Wizards,2017-2018,REG,37,0.563,0.304,0.297,0.363,0,39.47,11.44,24.54,24.21,0.33,12.79,10.08,14.74
Dennis Schroder,Hawks,2017-2018,REG,64,0.501,0.43,0.464,0.298,0,38.73,19.04,19.41,22.26,0.55,12.36,10.53,13.76
Tobias Harris,"Pistons, Clippers",2017-2018,REG,65,0.554,0.457,0.307,0.415,0,33.27,21.16,7.63,37.74,0.2,14.13,12.61,15.42
Chris Paul,Rockets,2017-2018,REG,50,0.598,0.483,0.57,0.385,0,15.64,26.32,11.55,45.61,0.88,17.53,15.75,19.05
Harrison Barnes,Mavericks,2017-2018,REG,66,0.549,0.381,0.451,0.35,0,36.98,19.13,17.95,25.64,0.3,12.94,11.11,14.42
Eric Gordon,Rockets,2017-2018,REG,59,0.588,0.286,0.3,0.357,0.167,30.66,4.13,2.36,62.15,0.71,17.9,14.98,20.02
Aaron Gordon,Magic,2017-2018,REG,47,0.62,0.363,0.289,0.349,0,36.65,12.93,11.79,38.64,0,13.93,10.87,16.36
Jeremy Lin,Nets,2017-2018,REG,1,0.429,0,0.5,0.5,0,58.33,8.33,16.67,16.67,0,9.67,9.4,9.86
Andrew Wiggins,Timberwolves,2017-2018,REG,69,0.631,0.346,0.341,0.328,0,35.82,16.86,20.88,26.44,0,13.35,10.43,15.66
Kevin Love,Cavaliers,2017-2018,REG,48,0.564,0.4,0.407,0.404,0,36.21,11.63,8.97,43.19,0,14.35,12.45,15.99
Marc Gasol,Grizzlies,2017-2018,REG,64,0.512,0.373,0.496,0.329,0,30.55,25.83,13.61,29.69,0.32,14.04,12.39,15.23
Evan Fournier,Magic,2017-2018,REG,57,0.586,0.32,0.516,0.378,0,34.66,12.09,11.6,41.52,0.12,14.96,12.89,16.72
Gary Harris,Nuggets,2017-2018,REG,65,0.643,0.442,0.386,0.401,0,33.75,12.71,9.9,43.53,0.11,14.86,12.44,17.15
Goran Dragic,Heat,2017-2018,REG,64,0.534,0.456,0.327,0.363,0,39.64,21.79,10.79,27.67,0.11,12.31,10.49,13.79
Eric Bledsoe,"Suns, Bucks",2017-2018,REG,60,0.605,0.419,0.374,0.339,0,37.82,12.98,12.24,36.84,0.12,13.77,10.7,16.31
Tim Hardaway Jr.,Knicks,2017-2018,REG,47,0.555,0.48,0.472,0.309,0,29.6,10.62,12.61,46.74,0.42,16.34,13.37,18.49
Nikola Vucevic,Magic,2017-2018,REG,46,0.661,0.421,0.5,0.339,1,34.02,22.49,17.16,26.18,0.15,13.37,11.04,15.67
Nikola Jokic,Nuggets,2017-2018,REG,62,0.587,0.452,0.456,0.381,0,49.41,12.09,10.27,27.96,0.26,11.9,9.98,13.8
Mike Conley,Grizzlies,2017-2018,REG,12,0.5,0.348,0.3,0.312,0,34.52,13.69,5.95,45.83,0,14.86,12.41,16.37
Carmelo Anthony,Thunder,2017-2018,REG,66,0.509,0.452,0.381,0.36,0,16,21.3,23.16,39.55,0,17.04,15.85,17.87
Zach LaVine,Bulls,2017-2018,REG,24,0.47,0.357,0.25,0.344,0,41.97,7.89,15.77,34.37,0,13.26,11.21,14.53
JJ Redick,76ers,2017-2018,REG,56,0.522,0.449,0.488,0.414,0,9.99,7.09,29.96,52.82,0.14,20.35,19.83,20.77
Dwight Howard,Hornets,2017-2018,REG,69,0.61,0.351,0.349,0.25,0,81.49,9.65,8.21,0.52,0.13,4.5,3.04,6.36
Jamal Murray,Nuggets,2017-2018,REG,68,0.576,0.5,0.385,0.392,0,32.06,13.94,13.59,39.95,0.46,15.07,12.91,16.93
Kyle Lowry,Raptors,2017-2018,REG,65,0.577,0.295,0.256,0.391,0,24.75,7.7,5.43,61.99,0.13,18.3,16.36,19.71
Kawhi Leonard,Spurs,2017-2018,REG,9,0.655,0.5,0.385,0.314,0,26.13,30.63,11.71,31.53,0,14,11.29,16.39
Brandon Ingram,Lakers,2017-2018,REG,57,0.561,0.317,0.423,0.388,0,50.34,16.78,19.37,13.37,0.14,9.94,8.14,11.52
Ben Simmons,76ers,2017-2018,REG,66,0.625,0.33,0.393,0,0,69.74,25.77,3.31,0.24,0.95,5.76,3.57,8.29
D'Angelo Russell,Nets,2017-2018,REG,34,0.5,0.471,0.464,0.326,0,30,17.71,14.37,37.71,0.21,15.31,13.25,16.82
Danilo Gallinari,Clippers,2017-2018,REG,19,0.547,0.333,0.455,0.317,0.5,26.56,11.2,18.26,43.15,0.83,16.44,14.3,17.9
Julius Randle,Lakers,2017-2018,REG,68,0.629,0.421,0.222,0.231,0,81.4,7.85,4.96,5.37,0.41,5.12,3.01,7.89
Isaiah Thomas,"Cavaliers, Lakers",2017-2018,REG,29,0.462,0.403,0.439,0.307,0,27.46,16.06,10.62,45.6,0.26,15.96,14.1,17.1
Nikola Mirotic,"Bulls, Pelicans",2017-2018,REG,42,0.634,0.339,0.412,0.383,0,26.02,10.87,9.9,53.2,0,16.98,14.62,18.89
Austin Rivers,Clippers,2017-2018,REG,47,0.543,0.273,0.25,0.381,0,42.2,10.51,2.55,44.75,0,13.71,11.78,15.19
Kyle Kuzma,Lakers,2017-2018,REG,66,0.557,0.372,0.317,0.371,0,41.18,10.12,7.41,41.18,0.12,13.86,11.56,15.7
Rodney Hood,"Jazz, Cavaliers",2017-2018,REG,51,0.545,0.414,0.404,0.382,0,18.5,20,15.64,45.71,0.15,17.28,16.13,18.11
Dario Saric,76ers,2017-2018,REG,66,0.599,0.315,0.341,0.398,0,36.57,7.08,11.53,44.82,0,15.1,12.79,17.06
Andre Drummond,Pistons,2017-2018,REG,66,0.564,0.276,0,0,0,88.64,10.16,0.27,0.67,0.27,3.01,1.68,4.51
Will Barton,Nuggets,2017-2018,REG,68,0.55,0.403,0.289,0.366,0,46.18,8.59,4.53,40.45,0.24,13.18,10.62,15.27
Otto Porter Jr.,Wizards,2017-2018,REG,65,0.655,0.42,0.5,0.427,0,26.21,19.66,19.66,34.34,0.13,15.19,13.44,16.94
Zach Randolph,Kings,2017-2018,REG,57,0.6,0.348,0.427,0.35,0,46.12,18.05,16.58,19.12,0.13,11.37,9.35,13.22
Dennis Smith Jr.,Mavericks,2017-2018,REG,59,0.506,0.245,0.347,0.309,0,41.58,10.92,13.7,33.45,0.35,13.27,10.5,15.03
Lauri Markkanen,Bulls,2017-2018,REG,60,0.567,0.375,0.377,0.345,0,34.03,10.43,9,46.54,0,15.1,12.39,17.12
Reggie Jackson,Pistons,2017-2018,REG,33,0.473,0.596,0.341,0.344,0,36.95,21.92,10.84,30.05,0.25,13.31,11.66,14.64
Jordan Clarkson,"Lakers, Cavaliers",2017-2018,REG,67,0.578,0.418,0.419,0.344,0,36.61,15.19,14.57,33.62,0,13.73,11.43,15.62
Dion Waiters,Heat,2017-2018,REG,30,0.534,0.348,0.348,0.308,0,36.1,5.61,16.83,41.22,0.24,14.96,11.94,16.95
Hassan Whiteside,Heat,2017-2018,REG,47,0.605,0.394,0.442,1,0,70.38,20.68,8.55,0.4,0,5.64,4.42,7.12
Avery Bradley,"Pistons, Clippers",2017-2018,REG,46,0.522,0.346,0.358,0.369,0,33.12,12.48,21.92,32.48,0,14.33,12.56,15.59
Clint Capela,Rockets,2017-2018,REG,62,0.667,0.318,0,0,0,96,3.83,0,0.17,0,1.83,1.35,2.74
Enes Kanter,Knicks,2017-2018,REG,64,0.634,0.456,0.423,0,0,83.33,12.31,4.05,0.31,0,3.75,2.85,5.1
Jaylen Brown,Celtics,2017-2018,REG,61,0.543,0.438,0.413,0.375,0,47.33,6.93,6.64,38.82,0.29,12.44,10.21,14.33
Rondae Hollis-Jefferson,Nets,2017-2018,REG,54,0.518,0.45,0.439,0.267,0,55.82,29.28,7.02,7.71,0.17,7.72,6.56,8.76
Jusuf Nurkic,Trail Blazers,2017-2018,REG,65,0.535,0.394,0.355,0,0,71.22,13.67,14.06,0.92,0.13,6.11,4.64,7.5
Bojan Bogdanovic,Pacers,2017-2018,REG,68,0.567,0.5,0.413,0.393,0,34.55,13.43,6.43,45.59,0,14.72,12.68,16.52
Paul Millsap,Nuggets,2017-2018,REG,25,0.575,0.333,0.231,0.367,0,47.18,20.07,4.58,27.82,0.35,11.6,9.45,13.36
Jonathon Simmons,Magic,2017-2018,REG,68,0.58,0.368,0.467,0.347,0,44.64,16.76,12.06,26.27,0.27,11.83,9.56,13.82
Rudy Gobert,Jazz,2017-2018,REG,43,0.64,0.083,0.4,0,0,93.77,3.4,2.83,0,0,2.37,1.61,3.6
Steven Adams,Thunder,2017-2018,REG,64,0.658,0.484,0.25,0,0,88.49,10.49,0.68,0,0.34,2.62,1.92,3.83
Jeff Teague,Timberwolves,2017-2018,REG,58,0.551,0.397,0.353,0.37,0,39.88,23.52,7.94,28.66,0,12.47,10.68,13.92
Kentavious Caldwell-Pope,Lakers,2017-2018,REG,60,0.618,0.345,0.34,0.387,0,23.49,8.5,16.38,51.47,0.15,17.28,15.17,18.86
Myles Turner,Pacers,2017-2018,REG,53,0.584,0.475,0.528,0.383,0,33.58,11.13,30,25.09,0.19,14.19,12.6,15.8
Damion Lee,Hawks,2017-2018,REG,2,0.75,0,1,0.556,0,25,12.5,6.25,56.25,0,15.75,15.33,16.29
DeMarre Carroll,Nets,2017-2018,REG,63,0.508,0.333,0.316,0.366,0,35.52,10.48,5.53,48.47,0,14.92,13.05,16.22
Kris Dunn,Bulls,2017-2018,REG,52,0.488,0.393,0.468,0.323,0,38.74,22.52,18.62,19.97,0.15,12.03,10.67,13.05
Jayson Tatum,Celtics,2017-2018,REG,68,0.531,0.413,0.433,0.426,0,42.04,10.95,17.52,29.49,0,12.59,11.32,13.73
Malcolm Brogdon,Bucks,2017-2018,REG,46,0.581,0.418,0.469,0.381,0,47.85,13.7,6.54,31.7,0.2,11.63,9.41,13.74
Bobby Portis,Bulls,2017-2018,REG,59,0.552,0.527,0.393,0.35,0,46.28,11.46,13.78,28.33,0.15,12.11,10.09,13.9
Jeremy Lamb,Hornets,2017-2018,REG,68,0.555,0.464,0.385,0.373,0,33.93,20.91,15.1,29.36,0.69,13.7,11.58,15.45
Elfrid Payton,"Magic, Suns",2017-2018,REG,58,0.593,0.364,0.37,0.333,0,61.78,15.76,8.6,13.85,0,8.04,6.02,10.08
Taurean Prince,Hawks,2017-2018,REG,69,0.525,0.354,0.2,0.392,0,33.98,12.79,6.46,46.77,0,14.82,13.16,16.02
Josh Richardson,Heat,2017-2018,REG,68,0.565,0.441,0.437,0.392,0,29.89,13.67,16.89,39.28,0.27,15.29,13.71,16.62
Spencer Dinwiddie,Nets,2017-2018,REG,67,0.502,0.366,0.278,0.326,0,32.1,12.7,4.92,49.86,0.41,15.92,13.52,17.43
Justin Holiday,Bulls,2017-2018,REG,59,0.445,0.322,0.35,0.379,0,18.03,8.94,15.61,56.82,0.61,18.55,17.77,19.03
Al Horford,Celtics,2017-2018,REG,61,0.609,0.428,0.475,0.427,0,37.12,21.8,9.64,31.44,0,12.94,11.29,14.59
Kent Bazemore,Hawks,2017-2018,REG,65,0.491,0.319,0.402,0.393,0,34.32,10.21,15.09,40.24,0.15,14.72,13.45,15.65
Darren Collison,Pacers,2017-2018,REG,56,0.61,0.444,0.471,0.446,0,29.28,8.56,29.85,31.94,0.38,15.17,13.62,16.73
Marcus Morris,Celtics,2017-2018,REG,44,0.505,0.417,0.455,0.381,0,22.66,19.96,18.3,37.63,1.46,16.59,14.82,17.89
Wesley Matthews,Mavericks,2017-2018,REG,63,0.472,0.46,0.361,0.382,0,17.65,14.35,10.33,57.53,0.14,18.39,17.34,19.11
Serge Ibaka,Raptors,2017-2018,REG,63,0.626,0.533,0.5,0.345,0,27.96,18.74,15.05,38.25,0,15.19,12.98,17.25
Buddy Hield,Kings,2017-2018,REG,67,0.527,0.319,0.438,0.414,0,24.4,12.07,19.36,43.9,0.27,16.5,15.41,17.33
Brook Lopez,Lakers,2017-2018,REG,60,0.621,0.439,0.333,0.346,0,32.96,21.12,3.36,42.56,0,14.53,11.74,16.86
Michael Beasley,Knicks,2017-2018,REG,62,0.601,0.411,0.329,0.397,0,54.39,25.12,11.25,8.94,0.31,8.61,6.81,10.42
Allen Crabbe,Nets,2017-2018,REG,64,0.624,0.375,0.302,0.365,0,14.29,10.18,12.16,62.8,0.57,19.95,17.92,21.27
Robert Covington,76ers,2017-2018,REG,65,0.578,0.172,0.319,0.374,0,22.71,4.28,6.93,65.49,0.59,19.15,16.96,20.64
Willie Cauley-Stein,Kings,2017-2018,REG,60,0.553,0.283,0.447,0.375,0,68.67,14.56,14.87,1.27,0.63,6.6,4.95,8.19
Taj Gibson,Timberwolves,2017-2018,REG,69,0.682,0.444,0.364,0.226,0,66.98,15.71,12.22,4.92,0.16,6.7,4.51,9.74
Courtney Lee,Knicks,2017-2018,REG,67,0.571,0.496,0.363,0.409,0,22.84,18.89,21.38,36.9,0,15.76,14.16,17.09
Dirk Nowitzki,Mavericks,2017-2018,REG,67,0.744,0.452,0.461,0.426,0,6.43,21.82,28.55,43.2,0,18.91,17.94,19.75
Jonas Valanciunas,Raptors,2017-2018,REG,64,0.602,0.419,0.714,0.448,0,70.48,16.64,2.5,10.38,0,6.41,5.36,7.73
E'Twaun Moore,Pelicans,2017-2018,REG,66,0.613,0.491,0.387,0.42,0,39.56,15.59,9.12,35.74,0,13.08,11.27,14.93
Ricky Rubio,Jazz,2017-2018,REG,65,0.462,0.407,0.449,0.317,0,24.68,17.75,25.69,31.89,0,15.27,14.18,16.01
Patrick Beverley,Clippers,2017-2018,REG,11,0.5,0.308,0,0.4,0,33.61,10.92,5.04,50.42,0,15.25,13.9,16.17
Nicolas Batum,Hornets,2017-2018,REG,55,0.646,0.457,0.373,0.346,0,13.99,23.55,20.14,41.98,0.34,17.54,15.34,19.12
DeAndre Jordan,Clippers,2017-2018,REG,62,0.659,0.111,0,0,0,97.84,1.94,0.22,0,0,1.34,0.96,2.05
Tyler Johnson,Heat,2017-2018,REG,59,0.579,0.406,0.384,0.365,0,27.61,11.62,14.48,46.13,0.17,16.08,13.79,17.81
Derrick Favors,Jazz,2017-2018,REG,65,0.687,0.322,0.388,0.233,0,63.93,14.87,13.68,7.35,0.17,7.23,4.59,10.55
Robin Lopez,Bulls,2017-2018,REG,61,0.627,0.394,0.367,0.333,0,62.06,16.72,19.29,1.93,0,7.61,5.88,9.58
Trevor Ariza,Rockets,2017-2018,REG,55,0.572,0,0.167,0.378,0,25.94,0.94,1.13,71.62,0.38,18.2,15.77,19.96
Caris LeVert,Nets,2017-2018,REG,58,0.54,0.352,0.357,0.342,0,44.43,14.86,7.09,33.61,0,12.31,9.87,14.17
Kelly Oubre Jr.,Wizards,2017-2018,REG,68,0.55,0.268,0.259,0.364,0,35.93,8.71,9.02,46.19,0.16,14.96,12.56,16.65
Bogdan Bogdanovic,Kings,2017-2018,REG,66,0.538,0.5,0.431,0.399,0,24.69,14.37,18.12,42.34,0.47,16.6,14.98,17.94
Josh Jackson,Suns,2017-2018,REG,67,0.511,0.356,0.369,0.271,0,49.52,16.23,8.94,24.9,0.41,10.74,7.92,12.71
Thaddeus Young,Pacers,2017-2018,REG,69,0.57,0.358,0.468,0.335,0,57.79,11.07,8.47,22.4,0.27,9.71,7.6,11.68
Dwyane Wade,"Cavaliers, Heat",2017-2018,REG,58,0.601,0.361,0.384,0.299,0,39.9,26.54,16.95,16.61,0,11.14,8.63,13.19
Domantas Sabonis,Pacers,2017-2018,REG,66,0.59,0.433,0.326,0.364,0,67.18,11.45,15.73,5.64,0,7.06,5.09,9.17
De'Aaron Fox,Kings,2017-2018,REG,60,0.526,0.344,0.344,0.339,0,41.99,18.97,20.37,18.35,0.31,11.87,9.69,13.44
Markieff Morris,Wizards,2017-2018,REG,60,0.636,0.491,0.365,0.394,0,29.08,29.98,11.31,28.73,0.9,13.73,11.41,15.93
J.J. Barea,Mavericks,2017-2018,REG,63,0.583,0.376,0.353,0.362,0,29.78,16.08,8.12,45.7,0.32,15.69,13.4,17.42
Gerald Green,Rockets,2017-2018,REG,28,0.459,0.458,0.357,0.374,0,13.6,8.82,5.15,71.69,0.74,20.46,19.63,20.98
Draymond Green,Warriors,2017-2018,REG,57,0.643,0.327,0.316,0.297,0,46.12,10.66,3.68,39.15,0.39,12.78,8.57,16.35
Marco Belinelli,"Hawks, 76ers",2017-2018,REG,65,0.549,0.478,0.429,0.364,0,17.03,7.68,24.54,50.42,0.33,18.76,17.14,19.93
Joe Ingles,Jazz,2017-2018,REG,69,0.564,0.296,0.357,0.452,0,25.08,4.55,4.71,65.49,0.17,18.12,16.94,19.15
Wayne Ellington,Heat,2017-2018,REG,64,0.577,0.231,0.419,0.388,0,8.86,2.21,5.28,83.48,0.17,22.3,21.29,22.97
Rudy Gay,Spurs,2017-2018,REG,44,0.56,0.474,0.385,0.341,0,39.65,28.43,9.73,21.2,1,11.85,9.46,13.93
Jabari Parker,Bucks,2017-2018,REG,17,0.552,0.545,0.417,0.441,0,45.27,14.86,16.22,22.97,0.68,12.09,10.5,13.68
Frank Kaminsky,Hornets,2017-2018,REG,66,0.533,0.376,0.231,0.373,0,34.43,20.49,6.39,38.69,0,14.26,12.46,15.56
Reggie Bullock,Pistons,2017-2018,REG,52,0.615,0.417,0.48,0.437,0,30.82,10.96,5.71,52.28,0.23,16.02,14.23,17.75
Kelly Olynyk,Heat,2017-2018,REG,63,0.69,0.34,0.359,0.361,0,39.53,9.29,7.71,43.28,0.2,14.25,10.73,17.6
Terry Rozier,Celtics,2017-2018,REG,68,0.46,0.382,0.362,0.392,0,27.5,11.87,10.78,49.06,0.78,16.8,15.78,17.49
Ish Smith,Pistons,2017-2018,REG,68,0.562,0.468,0.381,0.264,1,44.8,26.09,20.97,7.99,0.15,10.04,8.44,11.51
Ersan Ilyasova,"Hawks, 76ers",2017-2018,REG,54,0.586,0.426,0.415,0.361,0,36.5,10.15,11.45,41.9,0,14.14,11.55,16.3
Pau Gasol,Spurs,2017-2018,REG,64,0.568,0.368,0.362,0.383,0,44.88,17.69,17.5,19.93,0,11.19,9.2,12.88
Jeff Green,Cavaliers,2017-2018,REG,65,0.619,0.271,0.353,0.317,0,52.96,11.66,10.08,23.72,1.58,10.94,7,14.44
JaMychal Green,Grizzlies,2017-2018,REG,47,0.574,0.212,0.397,0.327,0,51.18,7.82,14.93,26.07,0,10.68,7.82,13.07
John Collins,Hawks,2017-2018,REG,63,0.642,0.411,0.286,0.375,0,77.34,12.2,4.58,5.23,0.65,5.07,3.12,7.76
Trey Lyles,Nuggets,2017-2018,REG,63,0.598,0.451,0.409,0.391,0,46.08,10.26,4.43,38.63,0.6,12.85,10.43,15.17
Trey Burke,Knicks,2017-2018,REG,23,0.667,0.449,0.575,0.409,0,15.15,24.75,36.87,22.22,1.01,16.09,15.24,16.99
Joe Harris,Nets,2017-2018,REG,66,0.596,0.615,0.2,0.404,0,34.1,4.98,2.87,57.85,0.19,16.09,13.76,18.18
CJ Miles,Raptors,2017-2018,REG,58,0.515,0.444,0.24,0.394,0,14.02,3.71,5.15,76.49,0.62,21.16,19.87,22.02
Montrezl Harrell,Clippers,2017-2018,REG,61,0.68,0.413,0.429,0,0,85.89,11.39,1.73,0.74,0.25,3.31,2.33,5.05
Lonzo Ball,Lakers,2017-2018,REG,46,0.434,0.417,0.28,0.316,0,35,7.2,5,52.6,0.2,15.91,13.71,17.16
James Johnson,Heat,2017-2018,REG,61,0.635,0.471,0.395,0.303,0,50.6,10.24,7.63,31.12,0.4,11.23,7.81,14.58
George Hill,"Kings, Cavaliers",2017-2018,REG,57,0.557,0.411,0.389,0.431,0.5,27.54,16.48,16.25,39.28,0.45,15.53,14.24,16.61
Marcus Smart,Celtics,2017-2018,REG,54,0.48,0.36,0.364,0.306,0,28.74,14.56,8.54,47.57,0.58,16.32,14.08,17.62
Jamal Crawford,Timberwolves,2017-2018,REG,67,0.449,0.494,0.475,0.337,0,11.29,13.91,32.41,42.23,0.16,18.81,17.69,19.62
Tyrone Wallace,Clippers,2017-2018,REG,21,0.563,0.297,0,0.32,0,61.68,22.16,0.6,14.97,0.6,8.19,5.81,10.22
Yogi Ferrell,Mavericks,2017-2018,REG,68,0.5,0.491,0.431,0.39,0,22.41,9.83,17.59,50,0.17,17.38,16.2,18.28
Dante Exum,Jazz,2017-2018,REG,1,0.6,0,0,0,0,71.43,14.29,0,14.29,0,6.86,3,9.75
Ryan Anderson,Rockets,2017-2018,REG,57,0.571,0.478,0.567,0.383,0,17.38,5.19,6.77,70.65,0,20.43,18.65,21.79
Wilson Chandler,Nuggets,2017-2018,REG,62,0.564,0.3,0.351,0.345,0,45.85,9.43,6.98,37.74,0,12.8,10.19,14.86
Dillon Brooks,Grizzlies,2017-2018,REG,68,0.565,0.393,0.311,0.379,0,39.05,14.26,12.56,33.11,1.02,13.67,10.98,15.8
D.J. Augustin,Magic,2017-2018,REG,62,0.507,0.276,0.476,0.435,0,34.68,6.89,4.99,52.97,0.48,16.12,15.21,16.87
Denzel Valentine,Bulls,2017-2018,REG,68,0.5,0.416,0.398,0.383,0,19.39,16.32,13.41,50.57,0.32,17.65,16.47,18.47
Greg Monroe,"Bucks, Suns, Celtics",2017-2018,REG,37,0.629,0.25,0.545,0,0,88.08,7.69,4.23,0,0,3.62,2.75,4.9
Dewayne Dedmon,Hawks,2017-2018,REG,50,0.693,0.524,0.527,0.363,0,38.89,17.5,15.28,28.33,0,12.5,10.11,15.35
Patty Mills,Spurs,2017-2018,REG,69,0.5,0.5,0.435,0.378,0,16.03,2.91,20.95,59.74,0.36,19.6,18.38,20.46
Jae Crowder,"Cavaliers, Jazz",2017-2018,REG,67,0.594,0.35,0.265,0.332,0,32.59,3.72,12.66,51.02,0,16.1,12.68,18.47
Michael Kidd-Gilchrist,Hornets,2017-2018,REG,61,0.617,0.442,0.366,0,0,53.49,20.08,26,0.21,0.21,8.28,6.42,10.25
Kyle Korver,Cavaliers,2017-2018,REG,68,0.657,0.529,0.429,0.44,0,7.63,3.7,10.68,77.78,0.22,22.21,21.29,22.99
Marvin Williams,Hornets,2017-2018,REG,65,0.556,0.447,0.389,0.412,0,31.03,10.13,3.88,54.96,0,16.01,14.43,17.35
Mike James,"Suns, Pelicans",2017-2018,REG,36,0.52,0.364,0.295,0.268,0,38.44,17.19,13.75,30.31,0.31,13.28,9.97,15.35
Larry Nance Jr.,"Lakers, Cavaliers",2017-2018,REG,55,0.696,0.341,0.431,0.167,0,70.82,12.46,14.45,1.7,0.57,5.93,3.65,9.37
Andrew Harrison,Grizzlies,2017-2018,REG,52,0.541,0.271,0.4,0.349,0,38.74,12.57,15.71,32.98,0,13.15,11.02,14.71
Shabazz Napier,Trail Blazers,2017-2018,REG,61,0.495,0.306,0.519,0.381,0,24.38,10.96,24.16,40.49,0,16.21,15.38,16.84
Lance Stephenson,Pacers,2017-2018,REG,69,0.557,0.449,0.408,0.315,0,35.84,8.36,24.23,30.38,1.19,14.73,11.64,17.08
Milos Teodosic,Clippers,2017-2018,REG,38,0.63,0.5,0.444,0.357,0,8.85,9.18,17.7,64.26,0,20.78,19.14,21.92
Al-Farouq Aminu,Trail Blazers,2017-2018,REG,55,0.49,0.238,0.107,0.389,0,32.15,4.66,6.21,56.98,0,16.39,14.84,17.41
Emmanuel Mudiay,"Nuggets, Knicks",2017-2018,REG,55,0.464,0.372,0.339,0.338,0,39.78,18.7,12.17,28.91,0.43,12.95,11.14,14.13
Brandon Jennings,Bucks,2017-2018,REG,2,0.5,0,1,0.429,0,16.67,8.33,16.67,58.33,0,18.42,17.67,19.17
Terrence Ross,Magic,2017-2018,REG,22,0.629,0.313,0.462,0.341,0,19.77,18.08,14.69,46.33,1.13,17.46,14.61,19.42
Mario Hezonja,Magic,2017-2018,REG,62,0.593,0.383,0.491,0.338,0,36.36,9.94,11.21,42.49,0,14.88,12.19,17.1
Manu Ginobili,Spurs,2017-2018,REG,53,0.581,0.353,0.381,0.331,0,40.16,13.21,5.44,40.67,0.52,13.84,10.67,16.29
Tony Parker,Spurs,2017-2018,REG,42,0.579,0.471,0.398,0.25,0,47.89,15.36,28.01,8.43,0.3,10.1,8.06,12
Derrick Rose,"Cavaliers, Timberwolves",2017-2018,REG,18,0.575,0.263,0.273,0.24,0,52.52,13.67,15.83,17.99,0,9.81,6.36,12.35
John Henson,Bucks,2017-2018,REG,63,0.611,0.5,0.382,0,0,84.43,6.33,8.27,0.73,0.24,4.36,3.05,6.16
Danny Green,Spurs,2017-2018,REG,57,0.528,0.238,0.383,0.372,0,23.74,9.23,10.33,56.7,0,17.26,15.69,18.3
Mike Scott,Wizards,2017-2018,REG,64,0.598,0.598,0.606,0.41,0,29.88,22.82,15.53,31.53,0.24,14.09,12.61,15.83
Isaiah Canaan,"Rockets, Suns",2017-2018,REG,20,0.411,0.5,0.333,0.338,0,40.88,8.76,2.19,47.45,0.73,14.42,12.77,15.44
Stanley Johnson,Pistons,2017-2018,REG,55,0.507,0.3,0.377,0.302,0,31.48,11.57,14.12,42.13,0.69,15.5,12.65,17.21
Skal Labissiere,Kings,2017-2018,REG,51,0.558,0.427,0.305,0.367,0,49.32,26.16,16.08,8.17,0.27,9.45,7.32,11.32
Garrett Temple,Kings,2017-2018,REG,62,0.543,0.396,0.389,0.394,0,20.26,11.67,20.93,46.92,0.22,17.2,15.8,18.24
Dwight Buycks,Pistons,2017-2018,REG,25,0.494,0.4,0.395,0.366,0,42.47,10.75,23.12,22.04,1.61,13.2,10.8,14.97
Dwight Powell,Mavericks,2017-2018,REG,67,0.714,0.235,0.385,0.302,0,72.78,4.72,7.22,14.72,0.56,6.93,3.89,11.54
JR Smith,Cavaliers,2017-2018,REG,66,0.443,0.5,0.385,0.366,0,13.81,9.07,10.26,66.86,0,19.87,18.8,20.56
Marcin Gortat,Wizards,2017-2018,REG,69,0.563,0.432,0.2,0,0,65.19,32.7,2.11,0,0,5.41,4.43,6.44
Troy Daniels,Suns,2017-2018,REG,69,0.345,0.531,0.355,0.396,0,6.13,6.77,6.55,80.13,0.42,22.38,22,22.64
Jerian Grant,Bulls,2017-2018,REG,60,0.533,0.413,0.447,0.362,0,27.44,16.15,19.49,35.38,1.54,15.8,13.72,17.36
Fred VanVleet,Raptors,2017-2018,REG,65,0.478,0.125,0.357,0.405,0,46.24,5.31,3.1,44.25,1.11,13.52,11.83,14.74
Thabo Sefolosha,Jazz,2017-2018,REG,38,0.631,0.379,0.44,0.373,0,42.92,12.08,10.42,34.58,0,12.31,9.95,14.6
Devin Harris,"Mavericks, Nuggets",2017-2018,REG,58,0.559,0.15,0.176,0.359,0,41.76,5.49,4.67,45.88,2.2,14.83,11.25,17.37
Jerami Grant,Thunder,2017-2018,REG,69,0.617,0.467,0.462,0.287,0,68.27,3.81,3.3,23.86,0.76,8.14,4.92,11.66
Cory Joseph,Pacers,2017-2018,REG,69,0.535,0.495,0.368,0.369,0,25.39,18.31,24.61,31.5,0.2,15.19,13.55,16.45
Evan Turner,Trail Blazers,2017-2018,REG,65,0.547,0.453,0.441,0.323,0,22.89,41.04,14.69,21.38,0,13.24,11.83,14.37
Cameron Payne,Bulls,2017-2018,REG,11,0.559,0.143,0.444,0.364,0,40.96,8.43,10.84,39.76,0,14.23,11.81,16.09
Kyle Anderson,Spurs,2017-2018,REG,61,0.593,0.507,0.4,0.286,0,57.75,18.45,12.03,11.23,0.53,8.41,6.4,10.55
Jarrett Allen,Nets,2017-2018,REG,58,0.621,0.4,0.375,0.3,0,87.85,6.23,2.49,3.12,0.31,3.6,2.28,5.48
Delon Wright,Raptors,2017-2018,REG,55,0.567,0.133,0.25,0.372,0,60.06,4.44,1.18,33.43,0.89,10.62,7.98,12.98
Rajon Rondo,Pelicans,2017-2018,REG,53,0.543,0.522,0.308,0.35,0,53.16,5.82,9.87,31.14,0,10.92,8.63,12.86
Alec Burks,Jazz,2017-2018,REG,59,0.51,0.37,0.382,0.326,0,39.55,18.39,8.56,33.25,0.25,13,10.77,14.56
Darius Miller,Pelicans,2017-2018,REG,66,0.5,0.556,0.54,0.425,0,5.1,6.89,12.76,75,0.26,22.09,21.26,22.78
Mario Chalmers,Grizzlies,2017-2018,REG,56,0.428,0.472,0.433,0.289,0,36.8,13.45,7.61,40.36,1.78,14.82,12.12,16.41
Jerryd Bayless,76ers,2017-2018,REG,39,0.621,0.273,0.286,0.37,0,25.19,8.4,10.69,55.73,0,17.02,14.61,18.73
Chandler Parsons,Grizzlies,2017-2018,REG,32,0.578,0.48,0.483,0.404,0,21.63,12.02,13.94,52.4,0,17.73,16.09,19.13
Alex Len,Suns,2017-2018,REG,60,0.59,0.444,0.133,0,0,89.04,5.98,4.98,0,0,2.75,1.56,4.25
Frank Mason,Kings,2017-2018,REG,41,0.39,0.327,0.393,0.404,0,42.71,17.01,19.44,19.79,1.04,12.22,11.61,12.59
Dejounte Murray,Spurs,2017-2018,REG,68,0.505,0.377,0.396,0.28,0,59.76,24.55,10.66,5.03,0,7.16,5.76,8.31
Marreese Speights,Magic,2017-2018,REG,49,0.436,0.548,0.286,0.369,0,16.72,9.42,6.38,67.48,0,20.26,19.12,20.99
Anthony Tolliver,Pistons,2017-2018,REG,65,0.561,0.429,0.4,0.41,0,18.54,1.97,1.4,78.09,0,20.28,18.94,21.32
Doug McDermott,"Knicks, Mavericks",2017-2018,REG,68,0.59,0.314,0.319,0.42,0,37.23,8.35,11.22,43.2,0,14.2,12.17,15.94
Luc Mbah a Moute,Rockets,2017-2018,REG,51,0.659,0,0,0.355,0,45.52,0,2.07,52.41,0,13.66,10.09,17.03
Jarrett Jack,Knicks,2017-2018,REG,57,0.509,0.466,0.4,0.304,0,25.54,24.82,30.12,19.04,0.48,14.28,12.56,15.54
David Nwaba,Bulls,2017-2018,REG,56,0.57,0.222,0.5,0.424,0,81.6,6.25,0.69,11.46,0,5.14,3.97,6.46
Mason Plumlee,Nuggets,2017-2018,REG,61,0.622,0.364,0.375,0,0,90.52,6.73,2.45,0.31,0,3.07,2.2,4.35
Jarell Martin,Grizzlies,2017-2018,REG,63,0.52,0.39,0.414,0.364,0,49.26,10.1,21.43,18.97,0.25,10.64,8.97,12.03
Antonio Blakeney,Bulls,2017-2018,REG,16,0.391,0.368,0.5,0.325,0,21.3,17.59,24.07,37.04,0,15.94,15.76,16.06
James Ennis III,"Grizzlies, Pistons",2017-2018,REG,59,0.621,0.438,0.409,0.352,0,44.3,10.13,6.96,38.61,0,12.62,9.8,15.26
Wayne Selden,Grizzlies,2017-2018,REG,26,0.444,0.32,0.5,0.354,0,31.21,14.45,6.94,47.4,0,15.38,14.39,16.01
Bryn Forbes,Spurs,2017-2018,REG,68,0.529,0.457,0.372,0.393,0,15.21,18.12,19.24,47.2,0.22,17.79,16.6,18.66
Justise Winslow,Heat,2017-2018,REG,55,0.483,0.26,0.095,0.461,0,55.46,13.66,5.74,24.32,0.82,10.17,8.51,11.39
Mirza Teletovic,Bucks,2017-2018,REG,10,0.333,0.333,0.333,0.467,0,10.53,5.26,5.26,78.95,0,21.98,23.04,21.16
Tony Snell,Bucks,2017-2018,REG,61,0.554,0.261,0.462,0.413,0,23.71,6.57,7.43,62.29,0,17.83,16.55,18.83
Cody Zeller,Hornets,2017-2018,REG,33,0.562,0.778,0.381,0.667,0,78.57,5.84,13.64,1.95,0,4.85,4.13,5.74
Tomas Satoransky,Wizards,2017-2018,REG,60,0.667,0.417,0.441,0.458,0,40.27,20.13,11.41,27.85,0.34,12.29,10.37,14.46
Pascal Siakam,Raptors,2017-2018,REG,67,0.661,0.406,0.333,0.186,0,63.03,7.94,0.74,28.04,0.25,9.13,4.63,13.71
Ben McLemore,Grizzlies,2017-2018,REG,45,0.53,0.556,0.324,0.361,0,36.36,6.55,13.45,43.27,0.36,14.9,12.58,16.65
David West,Warriors,2017-2018,REG,57,0.692,0.614,0.446,0.333,0,49.32,23.65,25,2.03,0,8.95,7.63,10.98
Raymond Felton,Thunder,2017-2018,REG,70,0.491,0.413,0.416,0.371,0,24.47,13.29,21.31,39.24,1.69,16.83,14.95,18.14
Jamil Wilson,Clippers,2017-2018,REG,15,0.6,0,0.833,0.429,0,12.35,2.47,7.41,77.78,0,21.44,20.37,22.4
Kyle O'Quinn,Knicks,2017-2018,REG,67,0.673,0.554,0.431,0.1,0,63.12,17.5,15.94,3.13,0.31,7.25,5.38,9.98
Bam Adebayo,Heat,2017-2018,REG,59,0.579,0.323,0.231,0,0,82.17,10.84,4.55,1.05,1.4,4.51,2.24,6.98
Al Jefferson,Pacers,2017-2018,REG,31,0.607,0.586,0.313,0,0,49.72,32.4,17.88,0,0,8.13,7.06,9.43
Mike Muscala,Hawks,2017-2018,REG,40,0.594,0.414,0.5,0.402,0,33.66,14.15,4.88,47.32,0,14.64,12.74,16.35
Nick Young,Warriors,2017-2018,REG,64,0.656,0.595,0.421,0.389,0,9.01,10.42,10.7,69.58,0.28,20.73,19.08,22.01
Joe Johnson,"Jazz, Rockets",2017-2018,REG,42,0.571,0.467,0.45,0.278,0,20.07,26.88,14.34,38.71,0,16.04,13.97,17.49
T.J. McConnell,76ers,2017-2018,REG,61,0.559,0.485,0.382,0.472,0,39.73,35.62,9.32,14.52,0.82,10.82,9.39,12.24
Nemanja Bjelica,Timberwolves,2017-2018,REG,54,0.578,0.471,0.111,0.439,0,41.28,6.05,3.2,49.47,0,14.52,12.64,16.31
Marquese Chriss,Suns,2017-2018,REG,62,0.528,0.361,0.222,0.311,0,42.4,9.6,4.8,42.93,0.27,13.15,10.09,15.21
Ian Clark,Pelicans,2017-2018,REG,60,0.602,0.468,0.5,0.284,0,30.21,16.58,11.23,41.44,0.53,15.53,12.26,18.03
Tyler Zeller,"Nets, Bucks",2017-2018,REG,55,0.606,0.375,0.417,0.357,0,77.54,8.42,4.21,9.82,0,5.55,4.03,7.45
Tyler Ulis,Suns,2017-2018,REG,59,0.388,0.433,0.39,0.276,0,20.43,33.89,19.71,25.24,0.72,14.76,13.46,15.54
Jakob Poeltl,Raptors,2017-2018,REG,68,0.668,0.36,0,0.5,0,91.17,7.89,0.32,0.63,0,2.48,1.82,3.66
Nene,Rockets,2017-2018,REG,47,0.623,0.458,0.471,0,0,80.28,11.01,7.8,0.92,0,4.32,3.38,5.67
Josh Hart,Lakers,2017-2018,REG,55,0.626,0.077,0.273,0.405,0,38.21,4.64,3.93,52.86,0.36,14.98,12.21,17.41
Luke Kennard,Pistons,2017-2018,REG,59,0.42,0.444,0.5,0.406,0,20.6,18.81,17.91,42.69,0,16.78,16.45,17.03
Kosta Koufos,Kings,2017-2018,REG,64,0.605,0.476,1,0,0,69.19,30.52,0.29,0,0,4.94,4.35,5.72
Tyson Chandler,Suns,2017-2018,REG,46,0.645,1,0.5,0,0,97.86,1.07,1.07,0,0,1,0.81,1.35
Jameel Warney,Mavericks,2017-2018,REG,2,0.667,0.4,0,0,0,54.55,45.45,0,0,0,6,4.33,8
Davis Bertans,Spurs,2017-2018,REG,65,0.726,0.462,0.294,0.374,0,18.45,7.74,5.06,68.45,0.3,19.63,16.64,21.99
Josh Gray,Suns,2017-2018,REG,5,0.333,0.2,0.2,0.231,0,43.9,12.2,12.2,31.71,0,12.12,9.45,13.1
Jodie Meeks,Wizards,2017-2018,REG,66,0.6,0.356,0.349,0.326,0,21.8,13.08,12.5,52.62,0,17.6,15.13,19.21
Justin Jackson,Kings,2017-2018,REG,55,0.63,0.442,0.412,0.312,0,30.77,16,10.46,42.46,0.31,15.02,11.54,17.76
Trevor Booker,"Nets, 76ers, Pacers",2017-2018,REG,56,0.586,0.342,0.3,0.28,0,73.94,13.38,3.52,8.8,0.35,6.6,4.57,8.75
Tristan Thompson,Cavaliers,2017-2018,REG,42,0.627,0.36,0.25,0,0,85.13,12.82,2.05,0,0,3.01,1.91,4.54
Malcolm Delaney,Hawks,2017-2018,REG,54,0.42,0.3,0.403,0.374,0,24.21,10.53,21.75,43.16,0.35,16.72,16.12,17.1
Isaiah Whitehead,Nets,2017-2018,REG,16,0.538,0.182,0.6,0.389,0,60.47,12.79,5.81,20.93,0,9.09,7.48,10.5
Emeka Okafor,Pelicans,2017-2018,REG,14,0.575,0.5,0.5,0,0,60.61,30.3,9.09,0,0,5.67,5,6.47
Dragan Bender,Suns,2017-2018,REG,70,0.465,0.211,0.154,0.375,0,25.63,4.82,3.3,66.24,0,17.88,16.81,18.54
Shelvin Mack,Magic,2017-2018,REG,56,0.558,0.373,0.333,0.363,0,41.1,17.47,10.27,31.16,0,12.59,10.4,14.33
Rodney McGruder,Heat,2017-2018,REG,8,0.714,0.5,0.5,0.4,0,36.84,5.26,5.26,52.63,0,14.45,11.35,17.89
Langston Galloway,Pistons,2017-2018,REG,53,0.48,0.515,0.367,0.347,0,8.25,10.89,16.17,64.69,0,20.86,19.67,21.6
Jahlil Okafor,"76ers, Nets",2017-2018,REG,25,0.618,0.357,0,0,0,73.55,23.14,0.83,2.48,0,5.15,3.49,7.07
Gorgui Dieng,Timberwolves,2017-2018,REG,66,0.54,0.542,0.463,0.271,0,34.45,17.99,32.93,14.63,0,12.31,10.97,13.53
Boban Marjanovic,"Pistons, Clippers",2017-2018,REG,25,0.552,0.364,0.333,0,0,86.14,10.89,2.97,0,0,4.43,3.47,5.48
Markelle Fultz,76ers,2017-2018,REG,4,0.368,0.25,0,0,0,70.37,29.63,0,0,0,5.81,3.89,6.78
C.J. Williams,Clippers,2017-2018,REG,30,0.654,0.467,0.286,0.313,0,31.9,18.4,8.59,41.1,0,14.48,11.07,17.24
Jonas Jerebko,Jazz,2017-2018,REG,61,0.569,0.385,0.235,0.408,0,40.14,9,5.88,44.98,0,13.79,11.55,15.69
Troy Williams,"Rockets, Knicks",2017-2018,REG,13,0.676,0,0.5,0.227,0,53.97,4.76,6.35,34.92,0,10.9,5.93,15.42
OG Anunoby,Raptors,2017-2018,REG,60,0.636,0.2,0,0.355,0,38.33,1.74,2.09,57.84,0,14.93,11.32,17.93
Kenneth Faried,Nuggets,2017-2018,REG,32,0.537,0.364,0.75,0,0,81.76,14.86,2.7,0,0.68,4.43,3.61,5.31
Pat Connaughton,Trail Blazers,2017-2018,REG,68,0.555,0.56,0.304,0.368,0,33.03,7.51,6.91,52.25,0.3,15.95,13.51,17.87
Richaun Holmes,76ers,2017-2018,REG,34,0.658,0.364,0.167,0.115,0,66.87,13.25,3.61,15.66,0.6,7.37,3.06,11.9
Xavier Rathan-Mayes,Grizzlies,2017-2018,REG,5,0.5,0.167,0.417,0.071,0,23.81,14.29,28.57,33.33,0,16.45,11.42,18.47
Maurice Harkless,Trail Blazers,2017-2018,REG,54,0.546,0.5,0.2,0.38,0,55.73,0.79,3.95,39.53,0,11.17,8.92,13.13
Norman Powell,Raptors,2017-2018,REG,58,0.526,0.353,0.438,0.292,0,42.15,5.23,4.92,47.38,0.31,14.09,11.1,16.08
Timothe Luwawu-Cabarrot,76ers,2017-2018,REG,52,0.448,1,0.182,0.335,0,35.96,0.75,4.12,59.18,0,16.18,14.16,17.39
Zaza Pachulia,Warriors,2017-2018,REG,55,0.653,0.519,0.263,0,0,78.34,12.44,8.76,0,0.46,4.53,3.15,6.61
PJ Tucker,Rockets,2017-2018,REG,68,0.513,0.125,0.261,0.366,0,22.87,2.35,6.74,68.04,0,18.16,16.55,19.17
Aron Baynes,Celtics,2017-2018,REG,67,0.505,0.458,0.459,0,0,55.75,23.85,17.53,2.87,0,7.58,6.66,8.41
Justin Anderson,76ers,2017-2018,REG,28,0.559,0.286,0.286,0.365,0,43.07,5.11,5.11,45.99,0.73,13.93,11.12,16.13
Wesley Johnson,Clippers,2017-2018,REG,61,0.638,0.387,0.408,0.318,0,18.3,9.78,23.97,47.63,0.32,17.49,14.91,19.23
Tyler Dorsey,Hawks,2017-2018,REG,43,0.468,0.063,0.344,0.333,0,25.62,6.61,13.22,53.31,1.24,17.69,15.7,18.75
Omri Casspi,Warriors,2017-2018,REG,51,0.612,0.515,0,0.476,0,72.41,16.26,0.49,10.34,0.49,6.11,4.85,7.81
Ed Davis,Trail Blazers,2017-2018,REG,68,0.603,0.333,0,0,0,94.27,5.73,0,0,0,2.09,1.59,2.81
Luke Babbitt,"Hawks, Heat",2017-2018,REG,46,0.5,0.519,0.529,0.41,0,7.84,13.24,8.33,70.59,0,20.72,19.97,21.32
Bismack Biyombo,Magic,2017-2018,REG,69,0.585,0.25,0.333,0,0,79.79,16.72,3.14,0,0.35,4.49,2.83,6.3
Dante Cunningham,"Pelicans, Nets",2017-2018,REG,61,0.565,0.2,0.643,0.362,0,45.17,5.17,4.83,44.83,0,12.78,10.46,14.75
Andre Iguodala,Warriors,2017-2018,REG,54,0.703,0.25,0.375,0.273,0,42.86,9.27,12.36,33.98,1.54,13.31,8.3,17.63
Isaiah Taylor,Hawks,2017-2018,REG,54,0.533,0.257,0.286,0.271,0,60.8,14,5.6,19.2,0.4,8.91,6.06,11.05
Kobi Simmons,Grizzlies,2017-2018,REG,21,0.627,0.276,0.235,0.294,0,43.97,25,14.66,14.66,1.72,10.83,6.69,13.85
Quincy Acy,Nets,2017-2018,REG,59,0.419,0.273,0.273,0.326,0,14.43,3.69,3.69,78.19,0,20.39,19.52,20.82
Deyonta Davis,Grizzlies,2017-2018,REG,48,0.716,0.387,0.429,0,0,72.04,16.67,11.29,0,0,4.63,3.14,7.17
Vince Carter,Kings,2017-2018,REG,47,0.474,0.438,0.48,0.351,0,24.57,6.9,10.78,57.76,0,17.72,16.41,18.6
Andrew White,Hawks,2017-2018,REG,7,0.571,0,0.25,0.391,0,20.59,0,11.76,67.65,0,19.71,17.86,21
Jawun Evans,Clippers,2017-2018,REG,42,0.402,0.429,0.278,0.294,0,42.8,14,21.6,20.4,1.2,12.41,10.49,13.46
Frank Ntilikina,Knicks,2017-2018,REG,66,0.477,0.304,0.339,0.319,0,21.99,20.2,27.88,28.9,1.02,16.28,14.41,17.3
Shaun Livingston,Warriors,2017-2018,REG,57,0.598,0.477,0.417,0,0,33.82,56.25,8.82,0.74,0.37,9.11,7.79,10.48
Myke Henry,Grizzlies,2017-2018,REG,15,0.577,0,0,0.349,0,33.33,6.41,5.13,55.13,0,15.59,12.57,17.48
Jon Leuer,Pistons,2017-2018,REG,8,0.579,0.4,0,0,0,52.78,27.78,11.11,8.33,0,8.11,3.87,11.14
Daniel Theis,Celtics,2017-2018,REG,63,0.659,0.577,0.4,0.31,0,55.36,11.16,8.58,24.89,0,9.88,6.74,13.59
Tyler Cavanaugh,Hawks,2017-2018,REG,32,0.59,0.833,0.6,0.378,0,31.45,4.84,4.03,59.68,0,16.22,13.93,18.29
Maxi Kleber,Mavericks,2017-2018,REG,58,0.661,0.389,0.294,0.286,0,48.79,7.26,6.85,36.69,0.4,11.91,7.58,15.84
Jameer Nelson,"Pelicans, Pistons",2017-2018,REG,49,0.6,0.308,0.388,0.333,0,18.44,10.66,20.08,50.41,0.41,18.51,16.25,19.95
Tyus Jones,Timberwolves,2017-2018,REG,69,0.569,0.522,0.458,0.35,0,37.23,16.79,8.76,36.5,0.73,13.69,11.23,15.84
Jordan Bell,Warriors,2017-2018,REG,41,0.681,0.615,0.5,0,0,86.86,9.49,1.46,2.19,0,3.02,2.32,4.36
Jordan Crawford,Pelicans,2017-2018,REG,1,0,0.5,0,0.5,0,0,50,0,50,0,19.25,18.5,20
Jack Cooley,Kings,2017-2018,REG,2,1,0,0,0,0,57.14,28.57,14.29,0,0,8.57,4.75,13.67
Andre Roberson,Thunder,2017-2018,REG,39,0.637,0,0,0.222,0,76.54,0.62,0.62,22.22,0,6.14,2.8,10
Brandan Wright,"Grizzlies, Rockets",2017-2018,REG,28,0.634,0.333,0.5,0,0,80.39,17.65,1.96,0,0,3.25,2.19,4.7
Tony Allen,Pelicans,2017-2018,REG,20,0.536,0.667,0.2,0.364,0,77.53,3.37,5.62,12.36,1.12,6.26,3.77,8.69
Shaquille Harrison,Suns,2017-2018,REG,11,0.529,0,0,0.25,0,77.27,2.27,0,18.18,2.27,6.89,3.15,10
DeAndre' Bembry,Hawks,2017-2018,REG,21,0.467,0.188,1,0.348,0,59.41,15.84,0.99,22.77,0.99,8.77,6.85,10.03
Royce O'Neale,Jazz,2017-2018,REG,56,0.49,0.345,0,0.362,0,42.98,12.72,1.75,41.23,1.32,13.18,10.93,14.71
Alex Abrines,Thunder,2017-2018,REG,64,0.477,0.545,0.154,0.383,0,17.12,4.28,5.06,73.15,0.39,20.01,18.67,20.88
Channing Frye,"Cavaliers, Lakers",2017-2018,REG,45,0.805,0.583,0.538,0.341,0,24.12,7.06,15.29,53.53,0,17.69,13.91,21.47
Jonathan Isaac,Magic,2017-2018,REG,23,0.657,0.217,0.15,0.314,0,30.97,20.35,17.7,30.97,0,13.7,9.71,16.06
Malik Monk,Hornets,2017-2018,REG,50,0.474,0.345,0.275,0.315,0,14.07,10.74,18.89,55.19,1.11,19.57,17.49,20.59
Thon Maker,Bucks,2017-2018,REG,66,0.5,0.316,0.512,0.308,0,37.55,13.72,15.52,32.85,0.36,13.49,11.25,15.05
Johnny O'Bryant III,Hornets,2017-2018,REG,36,0.549,0.316,0.4,0.341,0,29.82,33.33,11.7,23.98,1.17,13.32,11.29,14.66
Ian Mahinmi,Wizards,2017-2018,REG,66,0.608,0.391,0,0,0,86.7,11.33,1.48,0,0.49,3.29,2.16,4.79
Jaylen Morris,Hawks,2017-2018,REG,6,0.471,1,0.333,0.25,0,54.84,6.45,9.68,25.81,3.23,11.35,8.62,13.33
Ramon Sessions,"Knicks, Wizards",2017-2018,REG,18,0.362,0.316,0,0.25,0,56.63,22.89,1.2,19.28,0,8.69,7.11,9.45
JaVale McGee,Warriors,2017-2018,REG,50,0.7,0.471,0.583,0,0,77.42,10.97,7.74,3.87,0,4.75,3.25,7.39
Willie Reed,"Clippers, Pistons",2017-2018,REG,42,0.704,0.5,0.667,0.5,0,80.99,14.88,2.48,1.65,0,4.07,3.32,5.6
Danuel House,Suns,2017-2018,REG,16,0.469,1,0.333,0.267,0,47.76,1.49,4.48,44.78,1.49,13.79,9.56,16.31
Treveon Graham,Hornets,2017-2018,REG,56,0.486,0.382,0.462,0.422,0,33.82,16.43,6.28,43.48,0,14.32,13.22,15.19
Michael Carter-Williams,Hornets,2017-2018,REG,52,0.444,0.222,0.222,0.241,0,47.16,15.72,11.79,25.33,0,11.29,8.13,12.86
Raul Neto,Jazz,2017-2018,REG,39,0.514,0.4,0.3,0.463,0,48.98,13.61,6.8,27.89,2.72,12.33,9.7,14.53
Sterling Brown,Bucks,2017-2018,REG,43,0.435,0.588,0.385,0.382,0,39.2,9.66,7.39,43.18,0.57,14.03,12.73,14.98
Joffrey Lauvergne,Spurs,2017-2018,REG,47,0.549,0.423,0.75,0,0,80.23,14.69,2.26,1.69,1.13,4.43,3.09,5.88
Amir Johnson,76ers,2017-2018,REG,61,0.609,0.238,0.6,0.333,0,76.85,10.34,2.46,10.34,0,6.02,4.44,7.9
JaKarr Sampson,Kings,2017-2018,REG,14,0.677,0.25,1,0.667,0,73.81,9.52,2.38,14.29,0,6.4,5.93,7.27
Iman Shumpert,"Cavaliers, Kings",2017-2018,REG,14,0.7,0.5,0.333,0.269,0,17.24,6.9,31.03,44.83,0,18.09,14.55,20.25
Travis Wear,Lakers,2017-2018,REG,7,0.5,0,0.429,0.333,0,6.67,0,23.33,70,0,22.2,20.82,23
Ivan Rabb,Grizzlies,2017-2018,REG,27,0.64,0.571,0.571,0,0,58.82,16.47,24.71,0,0,7.29,6.85,8
Miles Plumlee,Hawks,2017-2018,REG,46,0.636,0.348,0,0,0,83.23,14.84,1.94,0,0,3,1.88,4.55
Cristiano Felicio,Bulls,2017-2018,REG,42,0.653,0.333,0.462,0,0,79.53,9.45,10.24,0.79,0,4.45,3.16,6.37
Matthew Dellavedova,Bucks,2017-2018,REG,37,0.375,0.357,0.308,0.382,0,21.48,18.79,8.72,51.01,0,17.42,17.18,17.56
Zach Collins,Trail Blazers,2017-2018,REG,52,0.512,0.344,0.318,0.359,0,38.71,14.75,10.14,35.94,0.46,13.32,11.04,14.91
Nerlens Noel,Mavericks,2017-2018,REG,23,0.551,0.333,0,0,0,83.13,10.84,4.82,1.2,0,3.99,2.59,5.36
Corey Brewer,"Lakers, Thunder",2017-2018,REG,60,0.551,0.3,0.5,0.267,0,64.19,4.65,1.86,27.91,1.4,9.19,5.42,12.28
Cheick Diallo,Pelicans,2017-2018,REG,37,0.633,0.5,0.182,0,0,65.83,25,9.17,0,0,5.88,4.06,8.19
Sean Kilpatrick,"Nets, Bucks, Clippers",2017-2018,REG,41,0.49,0.273,0.286,0.276,0,28.16,12.64,8.05,50,1.15,16.25,13.07,17.84
Torrey Craig,Nuggets,2017-2018,REG,26,0.574,0.5,1,0.278,0,51.65,4.4,2.2,39.56,2.2,12.49,7.83,16.32
Luke Kornet,Knicks,2017-2018,REG,8,0.417,0.333,0,0.269,0,28.57,7.14,2.38,61.9,0,17.36,14.23,18.76
Noah Vonleh,"Trail Blazers, Bulls",2017-2018,REG,45,0.553,0.455,0.393,0.282,0,52.15,6.75,17.18,23.93,0,10.98,8.03,13.44
Adreian Payne,Magic,2017-2018,REG,5,1,0,0.5,0.667,0,30,0,40,30,0,16.2,13.86,21.67
Sam Dekker,Clippers,2017-2018,REG,60,0.613,0.4,0.25,0.158,0,63.96,4.5,5.41,25.68,0.45,8.99,4.09,13.23
Nik Stauskas,"76ers, Nets",2017-2018,REG,35,0.417,0,0.25,0.407,0,20,2.5,10,67.5,0,19.53,19.46,19.58
Timofey Mozgov,Nets,2017-2018,REG,28,0.644,0.4,0.333,0.235,0,69.41,5.88,3.53,20,1.18,7.91,3.98,12.33
Lance Thomas,Knicks,2017-2018,REG,64,0.414,0.278,0.4,0.404,0,31.39,8.07,13.45,46.64,0.45,15.41,15.1,15.61
Jordan Mickey,Heat,2017-2018,REG,20,0.58,0.4,0.667,0.077,0,70.42,7.04,4.23,18.31,0,7.58,3.85,11
Paul Zipser,Bulls,2017-2018,REG,50,0.48,0.391,0.225,0.344,0,24.27,11.17,19.42,45.15,0,16.67,15,17.61
Joe Young,Pacers,2017-2018,REG,49,0.553,0.407,0.406,0.386,0,28.31,16.27,19.28,34.34,1.81,15.78,13.69,17.38
Quinn Cook,Warriors,2017-2018,REG,19,0.438,0.5,0.429,0.3,0,22.22,16.67,19.44,41.67,0,16.38,15.5,16.93
Jose Calderon,Cavaliers,2017-2018,REG,45,0.864,0.444,0.4,0.431,0,18.18,7.44,20.66,53.72,0,18.64,16.02,21.3
Patrick Patterson,Thunder,2017-2018,REG,70,0.491,0.25,0.429,0.363,0,24.12,8.77,3.07,64.04,0,17.56,16.45,18.26
Shabazz Muhammad,"Timberwolves, Bucks",2017-2018,REG,35,0.476,0.25,0.6,0.211,0,63.08,18.46,3.85,14.62,0,7.98,5.75,9.46
Rodney Purvis,Magic,2017-2018,REG,4,0,0,0.8,0.143,0,0,7.69,38.46,53.85,0,20.69,20,21.13
Patrick McCaw,Warriors,2017-2018,REG,50,0.605,0.364,0.357,0.254,0,49.14,6.29,8,36,0.57,12.43,7.94,15.97
Kay Felder,"Bulls, Pistons",2017-2018,REG,15,0.368,0.364,0.263,0.211,0,27.94,16.18,27.94,27.94,0,14.96,13.25,15.67
Cedi Osman,Cavaliers,2017-2018,REG,54,0.691,0.636,0.316,0.391,0,36.91,7.38,12.75,42.95,0,14.26,11.17,17.48
Shane Larkin,Celtics,2017-2018,REG,43,0.595,0.2,0.286,0.375,0,25.87,10.49,24.48,39.16,0,16.13,13.84,17.61
Dorian Finney-Smith,Mavericks,2017-2018,REG,10,0.667,0,0.333,0.316,0,29.03,0,9.68,61.29,0,16.77,13.08,19.44
Tarik Black,Rockets,2017-2018,REG,42,0.64,0,0,0,0,91.74,0,0.92,6.42,0.92,3.65,1.06,7.33
Sindarius Thornwell,Clippers,2017-2018,REG,58,0.471,0.5,0.5,0.391,0,53.13,8.75,8.75,28.75,0.63,11.14,10,12.07
Salah Mejri,Mavericks,2017-2018,REG,56,0.684,0.5,0.333,0,0,93.6,1.6,2.4,2.4,0,2.43,1.41,4.37
Willy Hernangomez,"Knicks, Hornets",2017-2018,REG,35,0.634,0.417,0.167,0.2,0,75.53,12.77,6.38,5.32,0,5.34,3.31,7.86
Malachi Richardson,"Kings, Raptors",2017-2018,REG,26,0.308,0.375,0.438,0.3,0,28.89,8.89,17.78,44.44,0,15.82,15.87,15.8
Jason Smith,Wizards,2017-2018,REG,27,0.586,0.313,0.444,0.115,0,29.59,16.33,27.55,26.53,0,14.4,10.59,16.7
Meyers Leonard,Trail Blazers,2017-2018,REG,25,0.667,0.727,0.5,0.45,0,30.51,18.64,16.95,33.9,0,13.97,12.15,16.44
Walter Lemon Jr.,Pelicans,2017-2018,REG,5,0.462,0,0,1,0,81.25,6.25,6.25,6.25,0,5.13,5.43,4.89
Arron Afflalo,Magic,2017-2018,REG,46,0.571,0.37,0.25,0.411,0,19.86,19.15,19.86,39.72,1.42,16.8,15.13,17.91
Okaro White,Heat,2017-2018,REG,6,0.5,1,0,0.364,0,25,6.25,0,68.75,0,17.63,15.86,19
Wes Iwundu,Magic,2017-2018,REG,51,0.566,0.36,0.318,0.222,0,52.87,15.92,14.01,17.2,0,9.87,6.64,12.4
Monte Morris,Nuggets,2017-2018,REG,3,0.75,1,0,0,0,66.67,16.67,0,16.67,0,6.5,3.25,13
Khem Birch,Magic,2017-2018,REG,28,0.596,0.333,0,0,0,74.29,25.71,0,0,0,4.23,3.3,5.27
Juan Hernangomez,Nuggets,2017-2018,REG,22,0.583,1,0,0.262,0,35.82,1.49,0,62.69,0,15.97,10.92,19.17
Glenn Robinson III,Pacers,2017-2018,REG,11,0.6,0.714,0.25,0.2,0,28.57,20,22.86,28.57,0,13.86,9.67,17
Malik Beasley,Nuggets,2017-2018,REG,57,0.522,0.308,0.4,0.321,0,38.73,7.51,8.67,45.09,0,14.42,11.89,16.14
Tyler Ennis,Lakers,2017-2018,REG,41,0.513,0.182,0.308,0.265,0,55.88,8.09,9.56,25,1.47,10.73,7,13.18
Derrick White,Spurs,2017-2018,REG,17,0.5,0.2,0.333,0.615,0,36.36,15.15,9.09,39.39,0,14.45,14.94,14
Tim Frazier,Wizards,2017-2018,REG,52,0.545,0.4,0.375,0.308,0,28.21,12.82,25.64,33.33,0,15.71,13.22,17.4
Ivica Zubac,Lakers,2017-2018,REG,29,0.545,0.273,0,0,0,82.09,16.42,1.49,0,0,3.75,2.15,5.29
Kevon Looney,Warriors,2017-2018,REG,52,0.598,0.5,0,0,0,90.68,6.78,2.54,0,0,2.93,1.93,4.3
Jared Dudley,Suns,2017-2018,REG,39,0.529,0,0.222,0.394,0,18.09,2.13,9.57,70.21,0,19.65,18.54,20.37
Jason Terry,Bucks,2017-2018,REG,37,0.455,0.571,0.455,0.351,0,10.58,6.73,10.58,71.15,0.96,20.63,19.23,21.52
James Young,76ers,2017-2018,REG,5,0.5,0,0,0.3,0,16.67,0,0,83.33,0,21.58,20.75,22
Naz Mitrou-Long,Jazz,2017-2018,REG,1,0,0,0,1,0,0,0,0,100,0,25,25,0
Milton Doyle,Nets,2017-2018,REG,6,0.5,0.333,0,0.154,0,32,12,4,52,0,16.28,10.29,18.61
Derrick Jones Jr.,"Suns, Heat",2017-2018,REG,17,0.556,0.25,0,0.125,0,57.45,8.51,0,34.04,0,9.96,4.11,13.59
Terrance Ferguson,Thunder,2017-2018,REG,52,0.655,0.25,0.615,0.316,0,20.57,2.84,9.22,67.38,0,18.67,15.6,20.81
Gian Clavell,Mavericks,2017-2018,REG,7,0,0,0,0.4,0,5.56,5.56,5.56,83.33,0,22,23.67,21.17
Damyean Dotson,Knicks,2017-2018,REG,35,0.615,0.647,0.409,0.3,0,14.13,18.48,23.91,43.48,0,17.92,15.35,19.9
Darrell Arthur,Nuggets,2017-2018,REG,18,0.75,0.25,0.75,0.333,0,17.78,17.78,17.78,46.67,0,17.53,15.57,19.25
Ekpe Udoh,Jazz,2017-2018,REG,56,0.598,0.273,0,0,0,77.68,19.64,2.68,0,0,4,2.52,5.59
Abdel Nader,Celtics,2017-2018,REG,34,0.395,0.2,0,0.362,0,41.3,5.43,2.17,51.09,0,14.6,13.97,14.95
TJ Leaf,Pacers,2017-2018,REG,48,0.544,0.286,0.25,0.447,0,48.72,11.97,6.84,32.48,0,11.53,10.33,12.56
Davon Reed,Suns,2017-2018,REG,12,0.273,0.5,0.167,0.375,0,29.73,10.81,16.22,43.24,0,15.59,15.67,15.56
Isaiah Hicks,Knicks,2017-2018,REG,7,0.417,0.5,1,0,0,60,20,5,15,0,8.2,7.25,8.83
Alex Caruso,Lakers,2017-2018,REG,28,0.75,0.25,0.2,0.238,0,41.79,17.91,7.46,31.34,1.49,12.94,7.03,17.73
Malcolm Miller,Raptors,2017-2018,REG,13,0.714,0,0,0.389,0,28,0,0,72,0,17.68,14.33,20.77
James Michael McAdoo,76ers,2017-2018,REG,3,0,0,0,0.286,0,0,0,0,100,0,24.86,24,25.2
Ante Zizic,Cavaliers,2017-2018,REG,22,0.778,0.444,0,0,0,75,25,0,0,0,3.67,2.44,6.45
Bobby Brown,Rockets,2017-2018,REG,20,0.5,0.333,0.5,0.275,0,13.79,10.34,6.9,68.97,0,20.84,18.26,22.1
Johnathan Motley,Mavericks,2017-2018,REG,4,0.6,0,0,0,0,83.33,16.67,0,0,0,3.33,2.33,4.33
Kyle Collinsworth,Mavericks,2017-2018,REG,22,0.429,0.5,0,0.429,0,82.35,3.92,0,13.73,0,5.86,5.41,6.21
Ron Baker,Knicks,2017-2018,REG,29,0.381,0,0.2,0.333,0,35.59,0,8.47,55.93,0,15.9,14.8,16.46
Henry Ellenson,Pistons,2017-2018,REG,28,0.464,0.2,0.143,0.273,0,33.73,18.07,8.43,39.76,0,14.47,11.65,15.75
Josh Huestis,Thunder,2017-2018,REG,64,0.462,0.2,0.429,0.282,0,29.89,2.87,4.02,63.22,0,16.62,14.02,17.96
Chris McCullough,Wizards,2017-2018,REG,19,0.55,0.5,0.25,0.125,0,47.62,23.81,9.52,19.05,0,10.43,6.39,13.46
Lucas Nogueira,Raptors,2017-2018,REG,41,0.714,0,0,0.25,0,75.38,0,0,24.62,0,6.71,3.18,12
Daniel Hamilton,Thunder,2017-2018,REG,5,0.5,1,0,0.4,0,36.36,9.09,9.09,45.45,0,14.45,12.8,15.83
Dwayne Bacon,Hornets,2017-2018,REG,45,0.538,0.32,0.3,0.294,0,20.8,20,32,27.2,0,15.1,13,16.25
Brandon Paul,Spurs,2017-2018,REG,56,0.674,0.167,0.182,0.28,0,40.35,5.26,9.65,43.86,0.88,14.46,8.79,18.59
Nick Collison,Thunder,2017-2018,REG,13,0.722,0,0,0,0,94.74,0,5.26,0,0,2.89,1.54,5.83
Rashad Vaughn,"Bucks, Nets, Magic",2017-2018,REG,28,0.5,0.5,0,0.378,0,17.86,14.29,1.79,66.07,0,18.88,17.09,20.12
Semi Ojeleye,Celtics,2017-2018,REG,59,0.37,0.25,0.333,0.294,0,19.42,2.88,4.32,73.38,0,19.24,18.09,19.76
Nigel Hayes,"Lakers, Raptors",2017-2018,REG,4,1,0,0,0.5,0,20,0,0,80,0,18.2,15.33,22.5
Gary Payton II,"Bucks, Lakers",2017-2018,REG,18,0.536,0.25,0,0.133,0,59.57,8.51,0,31.91,0,9.32,3.94,12.66
Caleb Swanigan,Trail Blazers,2017-2018,REG,20,0.48,0.333,0,0.167,0,59.52,14.29,11.9,14.29,0,8.24,4.4,10.37
Josh Magette,Hawks,2017-2018,REG,13,0,0.2,0.5,0.444,0,4.55,22.73,27.27,40.91,4.55,20.86,19.88,21.43
Georgios Papagiannis,Kings,2017-2018,REG,16,0.4,0.385,0.5,0,0,48.78,31.71,19.51,0,0,7.39,7.65,7.21
Jalen Jones,"Pelicans, Mavericks",2017-2018,REG,8,0.429,0,0,0.5,0,53.85,15.38,0,30.77,0,10.31,10.6,10.13
Alec Peters,Suns,2017-2018,REG,12,0.75,0,0,0.185,0,12.5,3.13,0,84.38,0,21.53,16,23.38
Marshall Plumlee,Bucks,2017-2018,REG,7,0.333,0,0,0,0,100,0,0,0,0,1,0,1.5
DeAndre Liggins,"Bucks, Pelicans",2017-2018,REG,49,0.44,0.5,0.5,0.391,0,27.17,4.35,17.39,50,1.09,17.11,16.49,17.57
Gordon Hayward,Celtics,2017-2018,REG,1,0,1,0,0,0,0,50,0,50,0,17,9,25
Brice Johnson,"Clippers, Pistons, Grizzlies",2017-2018,REG,16,0.556,0.6,0.25,0,0,56.25,15.63,25,3.13,0,8.84,6,11.35
Luol Deng,Lakers,2017-2018,REG,1,0.5,0,0,0,0,100,0,0,0,0,2.5,1,4
Briante Weber,"Rockets, Grizzlies",2017-2018,REG,14,0.5,0.2,0,0.444,0,41.67,20.83,0,37.5,0,13.04,12.3,13.57
Quincy Pondexter,Bulls,2017-2018,REG,23,0.476,0.5,0,0.143,0,42.86,4.08,8.16,42.86,2.04,14.27,7.14,17.11
Derrick Walton Jr.,Heat,2017-2018,REG,14,0,0,0.167,0.438,0,0,4.17,25,66.67,4.17,24.29,24.13,24.38
Kyle Singler,Thunder,2017-2018,REG,12,0.5,0.167,0,0.4,0,38.1,28.57,9.52,23.81,0,11.33,9.29,12.36
Dakari Johnson,Thunder,2017-2018,REG,29,0.531,0.667,1,0,0,82.05,15.38,2.56,0,0,3.87,3.95,3.76
Aaron Brooks,Timberwolves,2017-2018,REG,29,0.4,0.6,0.6,0.35,0,29.41,19.61,9.8,39.22,1.96,16.22,13.86,18
Guerschon Yabusele,Celtics,2017-2018,REG,23,0.5,1,0.5,0.348,0,23.53,2.94,5.88,67.65,0,18.94,17.21,20.15
Eric Moreland,Pistons,2017-2018,REG,56,0.566,0.364,0,0,0,85.39,12.36,2.25,0,0,3.43,1.98,5.05
Bruno Caboclo,"Raptors, Kings",2017-2018,REG,6,0.5,0.667,0,0,0,23.53,17.65,5.88,52.94,0,15.82,7.25,18.46
Jamel Artis,Magic,2017-2018,REG,5,0.5,0,0.25,0,0,35.29,11.76,23.53,29.41,0,13.53,7.25,15.46
Damien Wilkins,Pacers,2017-2018,REG,19,0.5,0.444,0,0.222,0,25.64,23.08,5.13,46.15,0,15.1,11.54,16.88
Joakim Noah,Knicks,2017-2018,REG,7,0.5,0,0,0,0,100,0,0,0,0,2.8,3.8,1.8
John Holland,Cavaliers,2017-2018,REG,15,0.25,0,0,0.316,0,26.67,6.67,3.33,63.33,0,17.2,18.88,16.59
Matt Williams Jr.,Heat,2017-2018,REG,3,0,1,0,0.2,0,0,16.67,0,83.33,0,22.83,19.5,24.5
Jeff Withey,Mavericks,2017-2018,REG,9,1,0,0,0.2,0,25,6.25,6.25,62.5,0,16.81,8.33,21.9
Richard Jefferson,Nuggets,2017-2018,REG,19,0.583,0.429,0,0.286,0,44.44,25.93,3.7,25.93,0,11.04,8.83,12.8
Andrew Bogut,Lakers,2017-2018,REG,23,0.762,0,1,0,0,84,12,4,0,0,2.76,1.94,4.5
James Webb III,Nets,2017-2018,REG,9,0.333,0,0,0.235,0,14.29,0,4.76,80.95,0,20.19,18.6,20.69
Reggie Hearn,Pistons,2017-2018,REG,2,0,0,0,1,0,0,0,0,100,0,23,23,0
Vincent Hunter,Grizzlies,2017-2018,REG,4,0.667,0,1,0,0,60,20,20,0,0,5.8,6.33,5
Furkan Korkmaz,76ers,2017-2018,REG,6,1,0,0,0.125,0,16.67,8.33,8.33,66.67,0,19.83,9,23.44
Joel Bolomboy,Bucks,2017-2018,REG,6,0.5,1,0,0,0,66.67,16.67,0,16.67,0,6.5,4,9
Alfonzo McKinnie,Raptors,2017-2018,REG,13,0.75,0,1,0.375,0,30.77,0,7.69,61.54,0,17.46,14.43,21
Ike Anigbogu,Pacers,2017-2018,REG,10,0.333,0.333,0.667,0,0,33.33,33.33,33.33,0,0,10.44,11,10
Omer Asik,"Pelicans, Bulls",2017-2018,REG,14,0.385,1,0,0,0,81.25,12.5,6.25,0,0,3.31,3.29,3.33
Jabari Bird,Celtics,2017-2018,REG,4,1,0,0,0,0,25,0,25,50,0,17.5,1,23
Markel Brown,Rockets,2017-2018,REG,4,0,1,0,0.2,0,14.29,14.29,0,71.43,0,20.29,19,20.8
Zhou Qi,Rockets,2017-2018,REG,14,0.4,0,0,0.133,0,20.83,16.67,0,62.5,0,17.88,12,19.05
Marcus Georges-Hunt,Timberwolves,2017-2018,REG,38,0.571,0.333,0.25,0.214,0,50,7.14,9.52,33.33,0,11.52,7.18,14.48
Lorenzo Brown,Raptors,2017-2018,REG,12,0.667,0.286,0.75,0,0,14.29,33.33,19.05,33.33,0,15.33,10.57,17.71
Ryan Arcidiacono,Bulls,2017-2018,REG,13,1,0,0,0.333,0,16.67,0,0,75,8.33,24.67,15,31.57
Darrun Hilliard,Spurs,2017-2018,REG,14,0.25,0,0.75,0,0,42.11,5.26,21.05,31.58,0,13.74,12.4,14.21
Alex Poythress,Pacers,2017-2018,REG,23,0.636,0,0,0.4,0,45.83,8.33,4.17,41.67,0,12.29,9.27,14.85
Thomas Bryant,Lakers,2017-2018,REG,10,0.5,0,0.5,0.2,0,22.22,0,22.22,55.56,0,18.44,14.33,20.5
Jake Layman,Trail Blazers,2017-2018,REG,29,0.429,0.2,0.167,0.211,0,31.82,11.36,13.64,43.18,0,15.25,10.83,16.91
Derrick Williams,Lakers,2017-2018,REG,2,0.5,0,0,0,0,50,0,0,50,0,12.75,1,16.67
Wade Baldwin IV,Trail Blazers,2017-2018,REG,1,0,0,0,0,0,0,0,0,0,0,0,0,0
PJ Dozier,Thunder,2017-2018,REG,2,1,0,0,0,0,50,0,50,0,0,11.5,1,22
Matt Costello,Spurs,2017-2018,REG,4,0.5,0,0,0,0,100,0,0,0,0,1,0.5,1.5
Scotty Hopson,Mavericks,2017-2018,REG,1,0,0,0,0,0,100,0,0,0,0,2,0,2
D.J. Wilson,Bucks,2017-2018,REG,21,1,0.5,0,0.4,0,35.71,14.29,14.29,35.71,0,14.14,8.63,21.5
Tony Bradley,Jazz,2017-2018,REG,9,0.5,0.2,0,0,0,36.36,45.45,9.09,9.09,0,9.27,4.33,11.13
Georges Niang,Jazz,2017-2018,REG,5,0.667,0,0,0,0,75,0,0,25,0,9.25,6,12.5
Jacob Wiley,Nets,2017-2018,REG,5,0,0,0,0.5,0,25,0,25,50,0,16.25,22,14.33
Antonius Cleveland,Mavericks,2017-2018,REG,13,0.4,0,0.333,0,0,35.71,14.29,42.86,7.14,0,12.14,11,12.6
Larry Drew II,"76ers, Pelicans",2017-2018,REG,3,0.5,0,0,0,0,28.57,0,28.57,42.86,0,17.29,1,20
Demetrius Jackson,Rockets,2017-2018,REG,12,0.5,0,0,0,0,57.14,0,0,42.86,0,10.93,1.25,14.8
Josh Smith,Pelicans,2017-2018,REG,3,0.333,0,0,0,0,75,0,25,0,0,5.25,1,6.67
Jacob Pullen,76ers,2017-2018,REG,3,0,1,0,0,0,0,50,0,50,0,20,12,28
Charles Cooke,Pelicans,2017-2018,REG,9,0,1,0,0.167,0,20,10,10,60,0,18.3,15.5,19
Kadeem Allen,Celtics,2017-2018,REG,8,0.5,0,0,0,0,33.33,16.67,0,50,0,15.67,1,18.6
Vander Blue,Lakers,2017-2018,REG,5,0.333,0,0,0,0,60,0,0,40,0,10.4,0,13
Udonis Haslem,Heat,2017-2018,REG,12,1,0,0,0.167,0,16.67,8.33,25,50,0,19.08,11,21.78
Xavier Munford,Bucks,2017-2018,REG,6,0,1,0,0,0,33.33,16.67,16.67,33.33,0,14.83,11,15.6
Cole Aldrich,Timberwolves,2017-2018,REG,16,0.273,0,0,0,0,100,0,0,0,0,2.09,2.33,2
Julyan Stone,Hornets,2017-2018,REG,15,0,0,0,0.5,0,0,0,0,100,0,25,24,26
Nate Wolters,Jazz,2017-2018,REG,5,0,0.5,0,0,0,50,33.33,16.67,0,0,9.67,9,9.8
London Perrantes,Cavaliers,2017-2018,REG,8,1,0,0,0,0,33.33,33.33,0,33.33,0,12,0,18
RJ Hunter,Rockets,2017-2018,REG,2,0,0,0,0,0,0,0,0,0,0,0,0,0
Erik McCree,Jazz,2017-2018,REG,4,0,0,0,0,0,50,0,0,50,0,13.5,0,13.5
Josh McRoberts,Mavericks,2017-2018,REG,2,0,0,0,0,0,0,0,0,100,0,25,0,25
Marcus Paige,Hornets,2017-2018,REG,1,0,0,0,0,0,50,50,0,0,0,9,0,9
Luis Montero,Pistons,2017-2018,REG,2,0,0,0,0,0,100,0,0,0,0,2,0,2
Damian Jones,Warriors,2017-2018,REG,5,0,0,0,0,0,0,0,0,0,0,0,0,0
Mangok Mathiang,Hornets,2017-2018,REG,3,0,0,0,0,0,100,0,0,0,0,2,0,2
Nicolas Brussino,Hawks,2017-2018,REG,4,0,0,0,0,0,0,0,0,100,0,23.5,0,23.5
Ben Moore,Pacers,2017-2018,REG,2,0,0,0,0,0,0,0,0,0,0,0,0,0
Mindaugas Kuzminskas,Knicks,2017-2018,REG,1,0,0,0,0,0,100,0,0,0,0,4,0,4
Chris Boucher,Warriors,2017-2018,REG,1,0,0,0,0,0,0,0,0,100,0,22,0,22
Trey McKinney-Jones,Pacers,2017-2018,REG,1,0,0,0,0,0,0,0,0,0,0,0,0,0
Jarell Eddie,"Celtics, Bulls",2017-2018,REG,3,0,0,0,0,0,0,0,0,100,0,25,0,25
Tyler Lydon,Nuggets,2017-2018,REG,1,0,0,0,0,0,0,0,0,0,0,0,0,0