PLAYER,TEAM,AGE,GP,W,L,MIN,DEF RTG,DREB,DREB%,%DREB,STL,STL%,BLK,%BLK,"OPP PTS
OFF TOV","OPP PTS
2ND CHANCE","OPP PTS
FB","OPP PTS
PAINT","DEF
WS"
Aaron Brooks,MIN,33,32,19,13,5.9,119.1,0.3,6.4,8.2,0.2,20.7,0,0,2.4,1.7,1.1,5.1,-0.003
Aaron Gordon,ORL,22,58,19,39,32.9,107.1,6.4,21.3,27.7,1,18.4,0.8,22.5,11.4,8.4,9,35.3,0.031
Aaron Harrison,DAL,23,9,2,7,25.9,112,2.2,10.6,13.2,1,29,0.2,9.1,7.2,6.7,7.2,25.3,0.009
Aaron Jackson,HOU,32,1,0,1,34.5,104.1,1,3.7,4.3,0,0,0,0,11,6,7,36,0.041
Abdel Nader,BOS,24,48,33,15,10.9,108.2,1.2,12.2,14.9,0.3,20,0.2,23.3,4.8,2.3,3,9.8,0.009
Adreian Payne,ORL,27,5,0,5,8.5,120.9,1.4,25,36.8,0.4,25,0,0,3,3.2,2.6,8.4,-0.006
Al Horford,BOS,32,72,47,25,31.6,101.1,5.9,19.7,25.1,0.6,12.8,1.1,35.9,9.9,7.2,6.8,28,0.052
Al Jefferson,IND,33,36,17,19,13.4,107.9,3.1,25.9,34.2,0.4,21.3,0.6,52.3,3.6,3.8,3.3,12.6,0.011
Al-Farouq Aminu,POR,27,69,40,29,30,103.5,6.2,22.2,28.1,1.1,23.4,0.6,15.7,9.1,7.6,7.5,26.9,0.041
Alan Williams,PHX,25,5,1,4,14.1,92.3,3.8,27.1,35.8,1,27.8,0.2,11.1,4.6,2.8,2.2,10.8,0.036
Alec Burks,UTA,26,64,37,27,16.5,105.8,2.7,18.9,23.4,0.6,22.3,0.1,7.4,5.8,3.7,3.1,14.8,0.018
Alec Peters,PHX,23,20,2,18,11.2,106.6,1.5,13.1,16.2,0.1,6.1,0.1,8.3,2.8,2.9,2.8,9.8,0.011
Alex Abrines,OKC,24,75,42,33,15.1,106.3,1.2,9.2,12.2,0.5,19,0.1,6.7,4.3,4.3,3.2,13.5,0.015
Alex Caruso,LAL,24,37,16,21,15.2,101.5,1.4,9.7,12.4,0.6,22.3,0.3,20.8,5.6,3.8,4.3,15.7,0.024
Alex Len,PHX,24,69,20,49,20.2,110.2,5,26,33.8,0.4,13.8,0.9,41.8,7.7,5.5,5.6,19.2,0.011
Alex Poythress,IND,24,25,10,15,4.2,116.5,0.4,12.7,18.2,0.1,21.4,0,11.1,0.8,1.3,1.1,4.8,-0.001
Alfonzo McKinnie,TOR,25,14,13,1,3.8,111.6,0.4,11.3,17.1,0.1,10,0.1,20,1.1,1.6,0.4,3.7,0.001
Allen Crabbe,BKN,26,75,25,50,29.3,108.8,3.9,14.4,19,0.6,16.1,0.5,15.7,9.6,8.4,6.9,29.6,0.021
Amir Johnson,PHI,31,74,47,27,15.8,101.3,2.8,19,23.5,0.6,19.7,0.6,40.4,6.6,3.6,3.7,14.2,0.026
Andre Drummond,DET,24,78,37,41,33.7,106.9,10.9,36.6,46.6,1.5,27.3,1.6,59.3,11.1,8.2,7.6,31.4,0.032
Andre Iguodala,GSW,34,64,46,18,25.4,100.5,3.1,12.6,16.4,0.8,20.9,0.6,14.7,9.9,7.1,6.5,24.4,0.044
Andre Ingram,LAL,32,2,1,1,32.1,93.8,2.5,8.1,9.3,1.5,18.8,1.5,37.5,7.5,4,1,35,0.085
Andre Roberson,OKC,26,39,24,15,26.6,96.4,2.8,12.4,15.4,1.2,18.3,0.9,35,7.8,5.2,5.2,21.3,0.058
Andrew Bogut,LAL,33,23,7,16,9.4,99.7,2.3,25.1,31.3,0.2,10.8,0.6,54.2,3.7,2.8,2.4,8.2,0.017
Andrew Harrison,MEM,23,56,17,39,23.7,108.2,1.9,9.8,12.4,0.7,21.1,0.5,19.4,7.6,5.2,7.4,19.3,0.018
Andrew White III,ATL,24,15,1,14,13.9,110.8,2,14.7,18.8,0.2,12,0.1,10,6.3,3.9,4.1,12.3,0.007
Andrew Wiggins,MIN,23,82,47,35,36.3,107.6,3.4,10.7,14,1.1,17.3,0.6,18.2,11,9.6,9.9,33.8,0.031
Ante Zizic,CLE,21,32,21,11,6.7,114.1,1.1,20.3,25.5,0.1,7.4,0.4,61.9,2.6,1.7,1.4,6.9,0
Anthony Brown,MIN,25,1,0,1,3.7,93.4,0,0,0,0,0,0,0,4,2,0,0,0.012
Anthony Davis,NOP,25,75,45,30,36.4,103.4,8.6,24.1,31.6,1.5,24.3,2.6,53.5,12.2,10.6,10.9,34.8,0.05
Anthony Tolliver,DET,33,79,37,42,22.2,104.8,2.4,12.2,15.6,0.4,11.7,0.3,15.4,6.3,4.8,4.3,19,0.027
Antonio Blakeney,CHI,21,19,3,16,16.5,109.4,1.5,10,12.8,0.4,16.3,0.1,6.3,4.5,3.7,3.4,14.3,0.01
Antonius Cleveland,ATL,24,17,7,10,7.2,102,0.6,9.6,12.1,0.4,35,0.3,33.3,2.2,2,1.8,6.6,0.012
Aron Baynes,BOS,31,81,54,27,18.3,97,3.8,21.6,26.3,0.3,10.2,0.6,37.2,5.6,3.9,3.6,15.4,0.039
Arron Afflalo,ORL,32,53,16,37,12.9,106.4,1.2,9.6,13.1,0.1,5.2,0.2,12.2,4.8,3.6,3.4,12.2,0.013
Austin Rivers,LAC,25,61,30,31,33.7,110.5,1.9,6.5,8.5,1.2,23.3,0.3,9.1,12,8.8,11.1,32.7,0.017
Avery Bradley,LAC,27,46,22,24,31.2,107,2,7.6,9.8,1.1,22.4,0.2,7.5,10,7.1,6.9,29,0.028
Bam Adebayo,MIA,20,69,34,35,19.8,102.1,3.8,22,27,0.5,15.9,0.6,26.8,6.9,4.5,4.4,17.7,0.03
Ben McLemore,MEM,25,56,7,49,19.5,110.6,1.9,11.4,15,0.7,21.7,0.3,13.5,8.4,4.8,6.2,17.4,0.01
Ben Moore,IND,23,2,1,1,4.6,163.6,0.5,33.3,33.3,0,0,0,0,3.5,1,9.5,4,-0.031
Ben Simmons,PHI,21,81,51,30,33.7,101.4,6.3,19.5,24.8,1.7,28.9,0.9,24.1,12.7,8.6,6.9,29,0.055
Bismack Biyombo,ORL,25,82,25,57,18.2,110.4,4,24.1,33.3,0.3,10.1,1.2,52.5,7.1,5.7,5,18.3,0.009
Blake Griffin,DET,29,58,28,30,34,105.6,6.1,19.5,25.4,0.7,13.3,0.3,9.9,12,9.5,9.2,30.7,0.038
Boban Marjanovic,LAC,29,39,18,21,8.7,105.4,2.5,30.8,37.8,0.3,19.2,0.3,44,3.3,1.7,2,6.2,0.01
Bobby Brown,HOU,33,20,17,3,5.7,115.5,0.4,7,8.4,0.2,22.2,0,0,2.5,0.8,1.3,5.2,-0.001
Bobby Portis,CHI,23,73,25,48,22.5,109.2,4.6,23.4,29.4,0.7,18.2,0.3,21.7,7.1,5.5,5.1,20.3,0.015
Bogdan Bogdanovic,SAC,25,78,26,52,27.9,110.8,2.5,10.7,13.8,0.9,21,0.2,9,9.1,6.5,7.1,24.7,0.013
Bojan Bogdanovic,IND,29,80,47,33,30.8,104.3,3,10.8,14.2,0.7,12,0.1,3.6,9.8,8.5,8.4,29.8,0.039
Bradley Beal,WAS,24,82,43,39,36.3,105.3,3.7,11.2,14.7,1.2,19.3,0.4,12.8,12.5,9.9,8.4,34.1,0.041
Brandan Wright,HOU,30,28,11,17,13.6,98.5,2.2,18.7,24.9,0.5,21,0.9,49.1,4.1,3.4,2.9,10.6,0.026
Brandon Ingram,LAL,20,59,27,32,33.5,106,4.4,13.7,17.7,0.8,14.3,0.7,20.2,13.1,9.4,8.6,33.5,0.036
Brandon Jennings,MIL,28,14,8,6,14.7,112,1.9,14.9,19.3,0.4,15.8,0.3,20,5.6,4.6,6,17.9,0.005
Brandon Paul,SAS,27,64,38,26,9,100,1,12.4,16,0.4,25.5,0.1,12.3,3.5,2.2,2.1,8.1,0.016
Briante Weber,MEM,25,18,8,10,13.1,122.4,1.5,14.1,18.4,1,48.6,0.3,20,4.5,3.5,4.7,14.1,-0.013
Brice Johnson,MEM,23,18,2,16,5.5,105.9,1.2,25.3,32.8,0.5,33.3,0.3,60,2.4,1.4,1.7,5.4,0.006
Brook Lopez,LAL,30,74,34,40,23.4,107.8,3,13.1,16.7,0.4,11,1.3,54.1,8.6,6.7,6.6,23.8,0.02
Bruno Caboclo,SAC,22,12,4,8,8.8,94.8,1.3,17.9,20.8,0.3,18.8,0.3,30.8,3.4,2.1,1.9,6.8,0.021
Bryn Forbes,SAS,24,80,46,34,19,103.2,1.2,7.4,9.4,0.4,12.2,0,1.3,5.9,5,4.5,17.7,0.026
Buddy Hield,SAC,24,80,27,53,25.3,106.5,3.2,14.9,19,1.1,25,0.3,12.6,8,6.1,6,21.5,0.025
C.J. Williams,LAC,28,38,17,21,18.6,106.7,1.2,6.6,8.7,0.8,27.9,0.3,18.8,6.7,5.2,5.8,16.1,0.018
CJ McCollum,POR,26,81,48,33,36.1,104.7,3.3,10,12.6,1,17.3,0.4,10.8,10.6,8.5,8.9,32.1,0.044
CJ Miles,TOR,31,70,50,20,19.1,102.2,1.9,11.3,15.1,0.5,16.2,0.3,11.2,5.4,5.7,4.2,17.9,0.029
Caleb Swanigan,POR,21,27,16,11,7,101.6,1.4,22.5,28.5,0.2,15.6,0.1,25,2,1.4,1.8,5.9,0.011
Cameron Payne,CHI,23,25,7,18,23.3,110.2,2,9.8,12.2,1,25.5,0.4,27.3,7.4,5.4,4.7,19.8,0.013
Caris LeVert,BKN,23,71,25,46,26.2,108.4,2.9,11.8,15.3,1.2,33.3,0.3,12.4,9.5,7.7,6.2,25.2,0.02
Carmelo Anthony,OKC,34,78,46,32,32.1,105.6,4.9,17.8,22.6,0.6,10,0.6,20.7,9.7,7.8,8,29.7,0.036
Cedi Osman,CLE,23,61,35,26,11,109.1,1.7,16.5,21,0.4,21.8,0,6.1,3.9,2.9,2.4,10.1,0.007
Chandler Parsons,MEM,29,36,12,24,19.2,112.4,2.1,13.3,17.2,0.5,19.4,0.3,17.7,6.9,4.5,5.2,17.9,0.005
Channing Frye,LAL,35,53,28,25,13.1,104.5,2.3,18.8,24.5,0.3,20.5,0.2,23.2,4.4,3.2,2.3,11.8,0.016
Charles Cooke,NOP,23,13,8,5,2.9,105.2,0.2,5.6,7.7,0.1,33.3,0,0,1.1,0.4,0.4,2.2,0.003
Cheick Diallo,NOP,21,52,29,23,11.2,110.9,3.2,29.4,39,0.2,14.3,0.4,36.8,4.5,3,2.6,11.5,0.005
Chinanu Onuaku,HOU,21,1,0,1,21.6,96.9,3,17.6,23.1,0,0,0,0,8,4,2,16,0.043
Chris Boucher,GSW,25,1,1,0,1.3,106.4,1,100,100,0,0,0,0,0,0,0,2,0.001
Chris McCullough,WAS,23,19,11,8,4.7,111.2,0.9,22,28.1,0,0,0.3,71.4,1.5,1.4,1.6,4,0.002
Chris Paul,HOU,33,58,50,8,31.8,103.8,4.8,17,21.5,1.7,27.7,0.2,7.9,8.7,8,7.5,30.8,0.042
Clint Capela,HOU,24,74,62,12,27.5,104.1,7.6,30.7,38.4,0.8,16.7,1.9,58.3,8.7,6.5,7.1,29.3,0.035
Cody Zeller,CHA,25,33,14,19,19,105,3.3,20.9,24.8,0.4,14.3,0.6,46.7,5.5,2.8,3.4,17.3,0.022
Cole Aldrich,MIN,29,21,14,7,2.3,113,0.6,31.6,40,0.1,14.3,0,25,0.9,1.3,0.4,1.7,0
Corey Brewer,OKC,32,72,32,40,16.8,108.4,1.5,10,13.2,1.1,36.2,0.2,13,6.3,4.8,4.9,16.9,0.013
Cory Joseph,IND,26,82,48,34,27,105.8,2.7,11.4,14.7,1,20.9,0.2,9.9,8.2,6.7,6.4,24.2,0.029
Courtney Lee,NYK,32,76,27,49,30.4,109.8,2.6,9.3,12.2,1.1,26,0.2,6.5,11.3,8.4,7.9,28.1,0.018
Cristiano Felicio,CHI,25,55,13,42,17.8,111.6,2.7,17.4,22,0.3,10.5,0.2,18.3,6.5,4.2,4.1,15.9,0.006
D'Angelo Russell,BKN,22,48,16,32,25.7,111.7,3.3,13.7,18.6,0.8,20.3,0.4,11.8,9.8,8.1,7.5,28.5,0.009
D.J. Augustin,ORL,30,75,23,52,23.5,105.5,1.7,8.2,10.7,0.7,19.9,0,0,8.1,5.8,7.1,23.6,0.026
D.J. Wilson,MIL,22,22,12,10,3.2,118.6,0.4,17,21.6,0.1,18.8,0,20,1.1,0.7,0.7,3.1,-0.002
Dakari Johnson,OKC,22,31,21,10,5.2,90.5,0.6,12.7,15.7,0.2,15.4,0.3,53.3,1.5,0.7,1,3.5,0.015
Damian Jones,GSW,22,15,7,8,5.9,99.8,0.6,10.7,15.5,0.1,6.3,0.2,42.9,0.9,2.1,1.3,5.9,0.01
Damian Lillard,POR,27,73,44,29,36.6,103.5,3.6,10.6,13.3,1.1,19.2,0.4,8.9,11.3,8.9,8.7,32.7,0.05
Damien Wilkins,IND,38,19,10,9,8,106.4,0.6,7.9,10.8,0.1,9.5,0.1,10,1.7,1.9,1.8,8.4,0.008
Damion Lee,ATL,25,15,4,11,27,105,4,14.7,18.3,1.3,31.1,0.1,3.3,10,5.3,8,23.7,0.032
Damyean Dotson,NYK,24,44,11,33,10.8,102.9,1.7,16.1,21.6,0.3,17.4,0,3.9,3.8,3.6,2.4,9.2,0.015
Daniel Hamilton,OKC,22,6,5,1,4.6,103.7,0.8,19.2,27.8,0.2,20,0,0,1,1.3,0.7,5,0.006
Daniel Theis,BOS,26,63,44,19,14.9,102,2.9,21.7,27.8,0.5,22.2,0.8,47.1,4.9,3.4,3.3,12.6,0.023
Danilo Gallinari,LAC,29,21,11,10,32,104.2,4.4,14.7,18.9,0.6,11.8,0.5,16.1,9.8,7,9,28.4,0.039
Danny Green,SAS,30,70,40,30,25.6,102.3,3,12.7,16.1,0.9,21.7,1.1,33.6,7.6,5.8,6.5,22.8,0.038
Dante Cunningham,BKN,31,73,34,39,21.4,106.5,3,15.4,19.7,0.5,15.9,0.4,18.3,7.9,5.7,6.6,21.8,0.022
Dante Exum,UTA,22,14,10,4,16.8,98.9,1.6,9.6,12.4,0.6,20,0.2,8.1,5.3,5.1,2.9,14.3,0.034
Danuel House,PHX,24,23,6,17,17.5,104.8,2.7,16.2,20.5,0.3,13,0.3,23.1,5.8,4.9,4.4,13.9,0.021
Dario Saric,PHI,24,78,49,29,29.6,102.2,4.7,16.6,21,0.7,13.1,0.3,8.8,11.2,7.1,6.3,25.4,0.045
Darius Miller,NOP,28,82,48,34,23.7,107.6,1.8,8,10.4,0.3,9.3,0.2,7.9,8.4,7.1,6.7,24.1,0.021
Darrell Arthur,DEN,30,19,12,7,7.4,112.8,0.6,9.7,13.3,0.4,29.6,0.2,21.4,2.8,1.6,1.5,8.1,0.002
Darren Collison,IND,30,69,39,30,29.3,106.6,2,7.9,10.5,1.3,23,0.2,7.8,8.7,7.9,7.5,27.6,0.029
Darrun Hilliard,SAS,25,14,8,6,6.8,111.5,0.5,8.6,11.1,0.1,20,0,0,2.4,2.2,1.8,6.1,0.003
David Nwaba,CHI,25,70,26,44,23.5,108.9,3.4,15.9,19.9,0.8,22.6,0.4,23,7.9,6,5.2,22.6,0.017
David Stockton,UTA,26,3,3,0,3.1,142.6,0,0,0,0,0,0,0,2.7,0,1.3,3.3,-0.011
David West,GSW,37,73,52,21,13.7,99.5,2.4,18.6,24.2,0.6,27,1,44.4,5,4.1,3.4,13,0.024
Davis Bertans,SAS,25,77,43,34,14.1,101.6,1.8,13.8,17.8,0.3,14.9,0.4,23.5,4.5,3.8,3.3,12.7,0.023
Davon Reed,PHX,22,21,2,19,11.5,106.7,1.8,17.1,22.2,0.5,22.7,0.1,9.1,3.4,2.2,2.8,10.8,0.011
De'Aaron Fox,SAC,20,73,24,49,27.7,110.9,2.3,9.9,12.9,1,21.1,0.3,12.3,9.4,7,7.7,25.2,0.013
DeAndre Jordan,LAC,29,77,39,38,31.5,109,10.9,37.7,48.5,0.5,10.8,0.9,34.1,11.3,8.2,10.4,29,0.021
DeAndre Liggins,NOP,30,58,34,24,12.5,110.3,1.2,11.8,15.6,0.6,28.9,0.2,17.1,3.9,2.8,2.9,12.1,0.006
DeAndre' Bembry,ATL,23,26,8,18,17.5,105.3,2.5,16.4,21.8,0.8,25.6,0.5,30,6.3,5.3,4,15.5,0.02
DeMar DeRozan,TOR,28,80,57,23,33.9,105.4,3.2,10.2,13,1.1,22,0.3,6.7,10.2,9,8.9,32.4,0.039
DeMarcus Cousins,NOP,27,48,27,21,36.2,106.2,10.7,32.5,41.3,1.6,28.3,1.6,40.2,13.1,9,10.3,33.2,0.036
DeMarre Carroll,BKN,31,73,25,48,29.9,107.7,5.1,18.3,24.3,0.8,20.4,0.4,13.2,9.8,8.8,7.1,29.5,0.025
Dejounte Murray,SAS,21,81,47,34,21.5,98.1,4.3,22,27.4,1.2,32.6,0.4,13.4,6.4,5,5.5,18.9,0.044
Delon Wright,TOR,26,69,49,20,20.8,102.1,2.2,12.1,15.9,1,27.7,0.5,16.3,6.5,6,4.7,19.2,0.031
Demetrius Jackson,PHI,23,15,12,3,5.3,109,0.5,10.3,11.9,0.3,45.5,0.1,14.3,2.3,0.9,0.5,4.5,0.004
Dennis Schroder,ATL,24,67,21,46,31,110.2,2.4,9,12.1,1.1,19.6,0.1,2.9,11.8,8.7,8.7,30.1,0.017
Dennis Smith Jr.,DAL,20,69,22,47,29.7,110.1,3,11.8,15,1,23.1,0.3,11.7,8.8,6.9,9,27,0.017
Denzel Valentine,CHI,24,77,26,51,27.2,108.3,4.5,18.5,22.9,0.8,19.8,0.1,6.8,9.4,6.1,6.4,24.5,0.021
Derrick Favors,UTA,26,77,46,31,28,103,4.6,18.4,23,0.7,14.8,1.1,38.5,9.8,6,5.9,24.9,0.039
Derrick Jones Jr.,MIA,21,20,9,11,12.3,102.5,0.9,7.4,8.9,0.2,15.4,0.7,37.1,4.3,2.7,2.3,11,0.018
Derrick Rose,MIN,29,25,15,10,16.8,112.5,0.9,6,8.2,0.3,10.8,0.2,11.4,6.8,5,5,19.4,0.005
Derrick Walton Jr.,MIA,23,16,8,8,9.2,109.2,0.9,10.5,13.5,0.4,38.9,0.2,30,2.5,2.3,1.3,7.5,0.006
Derrick White,SAS,23,17,7,10,8.2,88.6,1.2,14.9,19.8,0.2,13.8,0.2,16.7,1.8,2.5,1.4,7.3,0.028
Derrick Williams,LAL,27,2,1,1,4.3,61.5,0.5,14.3,14.3,0,0,0,0,2,0,1,1,0.03
Devin Booker,PHX,21,54,16,38,34.5,111.6,4,12.6,16.4,0.9,17.3,0.3,7.7,14.2,9.2,11.6,33.9,0.013
Devin Harris,DEN,35,71,33,38,18.9,106.8,1.6,9.5,12.3,0.7,23.7,0.2,9.6,6.6,4.9,5.5,16.5,0.018
Devin Robinson,WAS,23,1,0,1,13.2,83.9,3,30,30,1,100,0,0,2,0,2,6,0.05
Dewayne Dedmon,ATL,28,62,18,44,24.9,107.6,6.3,27.5,35.5,0.6,16,0.8,35.9,9.4,6.3,6.3,21.7,0.021
Deyonta Davis,MEM,21,62,16,46,15.2,109.4,2.8,20.7,28.8,0.2,9.7,0.6,36.8,6.1,4.9,4.7,14.5,0.01
Dillon Brooks,MEM,22,82,22,60,28.7,106.9,2.5,10.4,13.5,0.9,20.6,0.2,7.9,10.1,6.9,8.3,24.5,0.027
Dion Waiters,MIA,26,30,16,14,30.6,104.6,2.3,8.8,11,0.8,16.3,0.3,10.3,10.6,7.7,5.9,27.9,0.037
Dirk Nowitzki,DAL,39,77,24,53,24.7,109.7,5.4,25,31.7,0.6,16.3,0.6,38.8,7,5.6,8.4,21.5,0.015
Domantas Sabonis,IND,22,74,45,29,24.5,104.9,5.5,25.6,33.1,0.5,12.5,0.4,25,8.3,6.3,6.3,22.4,0.029
Donovan Mitchell,UTA,21,79,46,33,33.4,100.9,3.1,10.3,12.9,1.5,24.1,0.3,9.5,11.7,7.6,6.9,29.2,0.056
Dorian Finney-Smith,DAL,25,21,4,17,21.3,103.1,2.5,13.6,16.9,0.5,15.2,0.2,12.5,5.1,4.4,6.8,19,0.03
Doug McDermott,DAL,26,81,30,51,21.8,105.7,2,9.9,12.7,0.2,7.4,0.2,9,7.8,6.1,4.8,18.7,0.024
Dragan Bender,PHX,20,82,21,61,25.2,110.7,3.9,16.7,21.7,0.3,8,0.6,29.1,9.6,7,7.7,24.9,0.012
Draymond Green,GSW,28,70,48,22,32.7,103.7,6.6,21.1,27.5,1.3,23.5,1.3,28.1,13,9.2,9.3,30.9,0.045
Dwayne Bacon,CHA,22,53,25,28,13.5,103.9,2.3,17.6,21.4,0.3,16.3,0,4,3.8,3.1,3,12.5,0.018
Dwight Buycks,DET,29,29,10,19,14.7,100.7,1,7.6,9.6,0.7,28.8,0.1,5.9,4.8,3.1,3.2,12.3,0.025
Dwight Howard,CHA,32,81,35,46,30.4,106.4,9.3,32.7,40.8,0.6,14.7,1.6,49.6,10.1,7.2,7,28.2,0.031
Dwight Powell,DAL,26,79,23,56,21.2,106,3.9,21.3,27.2,0.8,25.7,0.4,33,6.3,4.8,6.2,17.9,0.022
Dwyane Wade,MIA,36,67,37,30,22.9,105.7,3,14.1,18.4,0.9,26.2,0.7,32.4,7.9,6.1,5.7,21.3,0.026
E'Twaun Moore,NOP,29,82,48,34,31.5,105.3,2.2,7.3,9.5,1,17.9,0.1,3.6,10.6,9,9.4,30.8,0.036
Ed Davis,POR,28,78,48,30,18.9,103.9,5,28.5,36.4,0.4,17.3,0.7,37.1,5.4,4.7,3.8,15.8,0.024
Edmond Sumner,IND,22,1,0,1,2.2,147.1,1,50,100,0,0,0,0,0,0,3,4,-0.011
Ekpe Udoh,UTA,31,63,36,27,12.9,101.3,1.3,12.2,15.1,0.7,25,1.2,67.3,4.1,2.8,2.3,11.1,0.021
Elfrid Payton,PHX,24,63,13,50,28.7,114.3,3.3,13,17.3,1.3,28.1,0.3,11.6,10.9,8.2,8.2,31.5,0.001
Emeka Okafor,NOP,35,26,16,10,13.6,100.5,2.8,19.8,26.4,0.3,13.6,1,39.1,5,4.3,4.9,14.5,0.024
Emmanuel Mudiay,NYK,22,64,29,35,19.4,113,2,11,14.7,0.6,23.8,0.2,8.3,8.6,5.1,5.3,18.9,0.004
Enes Kanter,NYK,26,71,27,44,25.8,110.7,7.1,31.1,40.3,0.5,14.4,0.5,23,9.7,6.5,7.4,24.8,0.013
Eric Bledsoe,MIL,28,74,40,34,31.4,106.7,3.1,11.3,15.2,2,32.4,0.6,15,10.2,9.2,6.8,30.4,0.031
Eric Gordon,HOU,29,69,55,14,31.2,102.6,2.1,7.4,9.2,0.6,12.1,0.4,12.3,10.2,8.2,7.2,31.5,0.046
Eric Moreland,DET,26,67,32,35,12,99.7,2.9,28.1,36.9,0.5,21.2,0.8,72.9,3,2.4,1.6,10,0.022
Erik McCree,UTA,24,4,4,0,1.9,123.4,0.3,25,33.3,0.3,33.3,0,0,1,0.5,0.5,3.5,-0.002
Ersan Ilyasova,PHI,31,69,36,33,25.1,105.1,4.2,18.2,23.9,0.9,21.8,0.4,14,8.4,6.8,6.5,23,0.029
Evan Fournier,ORL,25,57,20,37,32.2,109.3,2.8,9.5,12.6,0.8,14.9,0.3,8.7,11.1,8.9,8.2,34.4,0.022
Evan Turner,POR,29,79,48,31,25.7,105,2.7,11.2,14.4,0.6,17.3,0.4,13.6,8.1,6.4,6.4,23.5,0.031
Frank Kaminsky,CHA,25,79,35,44,23.2,110,3.1,15.4,19.1,0.5,14,0.2,12.7,6.4,4.7,4.7,22.1,0.013
Frank Mason,SAC,24,52,17,35,18.9,105.3,1.9,12.3,16.1,0.7,19.8,0.2,10.4,5.4,4.8,4,16.4,0.021
Frank Ntilikina,NYK,19,78,28,50,21.9,104.9,1.8,9,11.7,0.8,25.6,0.2,9.4,7.9,5.8,4.3,18.6,0.026
Fred VanVleet,TOR,24,76,55,21,20,99.9,2.1,11.9,15.5,0.9,25.4,0.3,8.6,5.4,5.6,3.8,17.8,0.036
Furkan Korkmaz,PHI,20,14,11,3,5.7,120.9,0.6,13.6,17.3,0.1,18.2,0.1,10,2.2,0.8,1.6,6.6,-0.004
Garrett Temple,SAC,32,65,23,42,24.8,108.4,2,9.6,12.3,0.9,21.1,0.4,18,8,6,6.3,21,0.019
Gary Harris,DEN,23,67,37,30,34.4,107.5,2.1,6.8,8.8,1.8,31.3,0.2,6.8,13,7.6,8.7,34,0.03
Gary Payton II,LAL,25,23,10,13,9.6,106.6,1.3,16.3,22.1,0.3,18.9,0.1,10.3,2.7,2.6,2.5,9.3,0.009
George Hill,CLE,32,67,28,39,27,111.4,2.1,9.1,11.6,0.9,21.7,0.4,17.9,8.5,6.6,6.7,24.8,0.01
Georges Niang,UTA,24,9,9,0,3.5,99.7,0.7,21.4,23.1,0.2,28.6,0,0,2.1,0.2,0.7,2.7,0.007
Georgios Papagiannis,POR,20,17,3,14,7.2,119.2,1.4,23.5,31.6,0.2,17.4,0.4,60,2.4,1.9,1,7.8,-0.004
Gerald Green,HOU,32,41,33,8,22.7,102.7,2.9,13.9,17.3,0.6,16.6,0.4,15.8,6.4,6.3,5.3,22.6,0.033
Gian Clavell,DAL,24,7,0,7,9.1,91.7,0.9,11.1,13.3,0.3,18.2,0,0,3.1,2.1,0.9,6.6,0.026
Giannis Antetokounmpo,MIL,23,75,39,36,36.8,105.4,8,24.9,32.4,1.5,21.7,1.4,32,11.3,9.5,7,34.4,0.042
Glenn Robinson III,IND,24,23,14,9,14.7,104.9,1.1,8.5,10.9,0.6,25,0,6.3,4.1,3.5,4.1,12.5,0.017
Goran Dragic,MIA,32,75,39,36,31.7,104.9,3.4,11.9,15.3,0.8,17.2,0.2,4.5,10.3,7.7,7.9,29.5,0.038
Gordon Hayward,BOS,28,1,0,1,5.3,87.2,1,20,25,0,0,0,0,2,2,2,2,0.017
Gorgui Dieng,MIN,28,79,45,34,16.9,111,3.2,23.1,30.4,0.6,19.8,0.5,40.2,5.6,4.6,4.7,16.5,0.008
Greg Monroe,BOS,28,51,21,30,20.4,110.9,4.7,27.8,36.5,0.9,27,0.5,32.4,8.4,4.8,6.4,22,0.009
Guerschon Yabusele,BOS,22,33,24,9,7.1,104.6,1.1,16.4,20.5,0.1,10,0.2,26.3,2.3,1.6,1.7,6.5,0.009
Harrison Barnes,DAL,26,77,24,53,34.2,108.7,5.1,17.2,21.7,0.6,12.9,0.2,6.7,10.1,8.1,10,31.2,0.025
Hassan Whiteside,MIA,28,54,30,24,25.3,103.8,8.2,35.4,44.8,0.7,18.2,1.7,54.7,8.2,5.8,7.4,22.8,0.034
Henry Ellenson,DET,21,38,21,17,8.7,98.3,1.9,23.4,28.3,0.1,8.6,0,0,2.6,2,1.9,8.5,0.018
Ian Clark,NOP,27,74,43,31,19.7,106,1.6,8.4,11.2,0.4,14.2,0.1,5.8,7.3,5.9,5.4,20.3,0.021
Ian Mahinmi,WAS,31,77,42,35,14.9,105,2.3,18.2,23.3,0.5,19.9,0.5,41.6,5.5,4.2,3.1,13,0.018
Ike Anigbogu,IND,19,11,5,6,2.7,134.1,0.4,14.3,26.7,0.1,50,0.3,75,0.5,0.9,1.2,5.3,-0.006
Iman Shumpert,SAC,27,14,9,5,19.7,103.2,2.4,12.6,17,0.6,23.1,0.3,16.7,7,6.1,3.9,17.7,0.029
Isaiah Canaan,PHX,27,20,9,11,21.1,108.7,2,10.8,14.2,0.8,29.6,0.1,4,7.4,5.6,5.7,19.8,0.014
Isaiah Hicks,NYK,23,18,4,14,13.3,107.8,1.7,13.9,18.5,0.1,9.1,0.2,16.7,4.7,4,2.5,12.7,0.012
Isaiah Taylor,ATL,23,67,18,49,17.4,105.6,1.1,6.6,8.4,0.5,18.4,0.1,10.6,6.1,4.5,4.1,15.1,0.019
Isaiah Thomas,LAL,29,32,15,17,26.9,113.9,1.6,6.2,8.1,0.5,12.2,0.1,4.5,10.8,7.8,8.1,29.8,0.003
Isaiah Whitehead,BKN,23,16,2,14,11.2,103.1,1.4,12.2,15.5,0.5,33.3,0.1,14.3,5.5,2.1,1.9,11.3,0.015
Ish Smith,DET,29,82,39,43,24.9,104.9,2.4,10.7,13.5,0.8,20.4,0.2,10.9,7.5,5.8,5,22.8,0.03
Ivan Rabb,MEM,21,36,6,30,14.3,111.6,2.9,24.9,32.7,0.3,14.1,0.4,28.3,5.9,3.4,4.6,13.6,0.005
Ivica Zubac,LAL,21,43,19,24,9.5,96.2,1.8,18.7,23.3,0.2,13.3,0.3,34.9,3.3,2,2.2,8.5,0.021
J.J. Barea,DAL,33,69,23,46,23.2,108.3,2.7,13.2,17,0.5,15.5,0,2.7,6.8,5.5,7.3,19.9,0.018
JJ Redick,PHI,33,70,45,25,30.2,102.1,2.4,8.2,10.3,0.5,9.8,0.1,2.6,11.7,7.5,6.1,25.6,0.047
JR Smith,CLE,32,80,49,31,28.1,112.8,2.6,10.3,13.5,0.9,20.9,0.1,6.6,10,7.6,6.9,28.5,0.006
JaKarr Sampson,SAC,25,22,6,16,15.6,99.9,2.6,17.9,23.2,0.4,14.3,1,51.2,4.5,3.8,3.8,12.4,0.028
JaMychal Green,MEM,27,55,11,44,28,110.4,5.8,24.5,31,0.6,14.5,0.5,18.7,10.2,6,8.2,24.3,0.014
JaVale McGee,GSW,30,65,45,20,9.5,106.7,1.7,18.8,24.6,0.3,21,0.9,49.6,4.2,2.6,2.9,9.6,0.009
Jabari Bird,BOS,23,13,8,5,8.8,102.3,1,11.1,14,0.2,18.8,0.1,12.5,3.5,1.8,2,8.9,0.013
Jabari Parker,MIL,23,31,16,15,24,109.5,3.5,16.4,22.5,0.8,17.6,0.3,11.9,9.5,7.7,7.2,25.7,0.016
Jack Cooley,SAC,27,7,4,3,12.5,98.7,2.3,21.6,26.7,0.1,8.3,0,0,3.4,4.1,3,10.9,0.024
Jacob Pullen,PHI,28,3,2,1,2,66.7,0,0,0,0,0,0,0,0.7,0.7,0.7,3.3,0.014
Jacob Wiley,BKN,23,5,1,4,6.7,81.5,1.8,23.1,26.5,0.2,20,0,0,2.4,0.4,0.8,5.2,0.026
Jae Crowder,UTA,27,80,52,28,26.1,106.9,2.7,11.5,14.8,0.8,18.1,0.3,11.5,9.2,6.5,6.1,24.7,0.025
Jahlil Okafor,BKN,22,28,7,21,12.6,116.6,2.3,21.3,27.1,0.1,8.1,0.6,56.3,5.5,3.5,2.8,12.7,-0.003
Jake Layman,POR,24,34,21,13,4.7,109.7,0.4,8.8,11.4,0.2,23.1,0.1,44.4,2.1,1.4,0.9,3.8,0.003
Jakob Poeltl,TOR,22,82,59,23,18.6,103.3,2.8,17.3,22.5,0.5,14.8,1.2,52.9,5.7,5,4,17.2,0.026
Jalen Jones,DAL,25,16,3,13,11.3,118.8,1.6,18.4,22.7,0.3,27.8,0.1,5.9,3.7,2.4,3.1,10.4,-0.006
Jamal Crawford,MIN,38,80,45,35,20.7,112.9,1,5.7,7.6,0.5,15.9,0.1,6.6,7.2,5.8,5.6,20.8,0.005
Jamal Murray,DEN,21,81,46,35,31.7,109.7,2.7,9.7,12.3,1,19,0.3,11.5,11.4,7.1,8.3,30.9,0.019
Jameel Warney,DAL,24,3,1,2,8.9,114.5,1.7,20.8,25,0,0,0,0,1.3,0.7,0.7,6.7,0
Jameer Nelson,DET,36,50,25,25,20.3,108.5,1.8,10,13.1,0.5,18.1,0.1,4.7,7.8,5.7,4.5,18.6,0.016
Jamel Artis,ORL,25,15,4,11,18.6,105.1,2.3,13.5,17.1,0.1,5.7,0.2,10,5.5,4.2,4.9,16.1,0.021
James Ennis III,DET,27,72,25,47,22.3,107,2.1,11,14.3,0.6,19,0.3,9.8,7.6,5.5,5.7,20.6,0.021
James Harden,HOU,28,72,59,13,35.4,104.7,4.8,15.3,19.3,1.8,26.8,0.7,19.4,11.9,8.8,9.2,35.7,0.043
James Johnson,MIA,31,73,37,36,26.6,104.9,4.1,16.8,21.6,1,23,0.7,23,8.8,7.1,5.5,24,0.032
James Michael McAdoo,PHI,25,3,1,2,6,101.2,0.7,13.3,16.7,0,0,0.3,100,1.3,0.7,2,6.7,0.01
James Webb III,BKN,24,10,1,9,12,116,1.6,14.4,18.8,0.1,6.7,0,0,4.2,3.6,3.3,12.2,-0.002
James Young,PHI,22,6,4,2,10.2,110.2,0.3,3.6,5,0,0,0,0,4.8,4.3,3.2,7.7,0.005
Jamil Wilson,LAC,27,15,6,9,18.3,104.1,1.9,11.4,14.4,0.3,13.5,0.5,24.2,4.7,4.7,5.5,14.5,0.023
Jared Dudley,PHX,32,48,7,41,14.3,106.7,1.8,14.8,19.4,0.5,22.4,0.2,21.2,4.5,3.1,3.6,12.5,0.014
Jarell Eddie,CHI,26,3,1,2,2.9,101.4,0.3,16.7,16.7,0.3,33.3,0,0,1,0,1,1.3,0.004
Jarell Martin,MEM,24,73,21,52,22.8,107.5,3,16,20.8,0.5,15.4,0.7,27.5,8,5.6,6.2,19.2,0.02
Jarrett Allen,BKN,20,72,25,47,20,107.6,3.4,17.8,23.9,0.4,15.2,1.2,53.3,7,6.3,4.4,20.1,0.017
Jarrett Jack,NYK,34,62,26,36,25,108.2,2.7,12,15.4,0.6,18.3,0.1,2.3,8.6,6.4,6.2,22.3,0.02
Jason Smith,WAS,32,33,15,18,8.6,111.5,1.1,13.5,17.5,0.1,8.3,0.4,44.8,3.5,2.9,2.4,7.6,0.003
Jason Terry,MIL,40,51,27,24,16,105.8,0.8,6.4,8.3,0.8,25.8,0.3,16,5.5,4.1,3.9,16.1,0.017
Jawun Evans,LAC,21,48,24,24,16.2,105,1.6,10.8,14.5,0.8,24.8,0.1,7,5.8,4.6,5.1,14,0.02
Jaylen Brown,BOS,21,70,47,23,30.7,100.3,4,13.9,17.7,1,20.6,0.4,12.3,9.4,6.9,6,27.3,0.054
Jaylen Morris,ATL,22,6,2,4,16.4,105.4,2.3,14.4,18.4,0.3,15.4,0.2,8.3,8.5,5.3,6,13.3,0.02
Jayson Tatum,BOS,20,80,53,27,30.5,100.3,4.4,15.5,19.9,1,21.8,0.7,23.3,9.4,7.2,6.6,27.2,0.053
Jeff Green,CLE,31,78,47,31,23.4,105.4,2.4,10.9,14.3,0.5,15.2,0.4,22.4,7.6,6.7,5,22.3,0.027
Jeff Teague,MIN,29,70,41,29,33,108.7,2.6,9.2,12.1,1.5,25.7,0.3,11.2,10.3,8.8,9.7,30.4,0.024
Jeff Withey,DAL,28,9,2,7,4.4,82.4,1,24.3,28.1,0,0,0.3,50,1.2,1.1,0.6,2.4,0.018
Jerami Grant,OKC,24,81,48,33,20.3,105,2.9,16.2,21.3,0.4,11.1,1,37,6.1,6.2,4.3,17.9,0.024
Jeremy Evans,ATL,30,1,0,1,5.4,142.9,0,0,0,0,0,0,0,5,4,2,6,-0.018
Jeremy Lamb,CHA,26,80,36,44,24.6,107.2,3.4,15.6,19.4,0.8,22.5,0.4,17.7,7.1,5,5.2,22.2,0.022
Jeremy Lin,BKN,29,1,0,1,25.2,120.7,0,0,0,0,0,0,0,13,11,24,36,-0.022
Jerian Grant,CHI,25,74,24,50,22.8,109.3,1.9,9.4,11.7,0.9,26.3,0.1,7.3,8,5.3,5.4,20.5,0.014
Jerryd Bayless,PHI,29,39,21,18,23.7,105.7,1.7,7.6,9.9,0.6,13.4,0.2,5.9,9.9,6,5.2,21,0.026
Jimmy Butler,MIN,28,59,37,22,36.7,105.1,4,12.6,16.4,2,28.2,0.4,11.9,11.3,9.6,9.2,33.5,0.042
Joakim Noah,NYK,33,7,1,6,5.7,88.9,1.1,21.1,22.9,0.3,33.3,0.3,66.7,1.3,0.3,1.7,4.9,0.018
Jodie Meeks,WAS,30,77,41,36,14.5,108.7,1.4,11.8,15.2,0.4,17.2,0.1,5.1,5.2,4,3.2,13.8,0.011
Joe Harris,BKN,26,78,27,51,25.3,108.4,2.7,11.4,14.6,0.4,16.1,0.3,11,9.4,6.7,6,24.4,0.019
Joe Ingles,UTA,30,82,48,34,31.4,102.3,3.9,14,17.6,1.1,19.5,0.2,7.5,10.9,7,6.7,27.5,0.047
Joe Johnson,HOU,36,55,35,20,21.9,105.4,2.9,14.4,18.7,0.3,8.7,0.1,6.1,7.3,5.7,4.9,20.6,0.024
Joe Young,IND,25,53,28,25,10.5,107.4,1,10.2,13.2,0.3,17.5,0,2.7,3.2,2.7,3,10.7,0.009
Joel Bolomboy,MIL,24,6,3,3,6.3,98.5,0.7,13.3,15.4,0.3,22.2,0,0,3,1,1.7,4.7,0.012
Joel Embiid,PHI,24,63,41,22,30.3,99.7,8.7,28.9,37,0.6,13.2,1.8,51.2,10.6,7.5,5.6,24.3,0.054
Joffrey Lauvergne,SAS,26,55,30,25,9.7,107.2,2,23.8,31.8,0.2,9.5,0.1,7,3.7,2.7,2.4,10,0.009
John Collins,ATL,20,74,21,53,24.1,107.1,4.9,22.6,30.3,0.6,15,1.1,48.5,8.9,6.4,6.7,21.4,0.022
John Henson,MIL,27,76,39,37,25.9,105.4,4.8,20.8,26.9,0.6,12.8,1.4,42.6,8.2,6.8,4.7,25.3,0.029
John Holland,CLE,29,24,17,7,7.3,112.5,0.8,11.9,15.9,0.3,28,0.1,12.5,2.9,2,1.7,7.6,0.002
John Wall,WAS,27,41,23,18,34.4,105.4,3.1,9.8,12.9,1.4,24.7,1.1,31,11,9.5,8.9,32.7,0.039
Johnathan Motley,DAL,23,11,1,10,16,105.5,3.2,22.6,28.9,0.3,18.8,0.2,20,5.1,4,4.5,15.1,0.017
Johnny O'Bryant III,CHA,25,36,15,21,10.5,104.9,1.8,19.3,24.2,0.3,12.7,0.2,19.4,2.3,2,2.3,10.2,0.013
Jon Leuer,DET,29,8,5,3,17.1,96.9,3.1,21,26.3,0.1,3.3,0.4,42.9,5.6,3.4,2.3,17,0.038
Jonas Jerebko,UTA,31,74,45,29,15.3,104.2,2.6,19.5,24.4,0.3,12.3,0.2,12.4,5.1,3.4,2.6,13.6,0.019
Jonas Valanciunas,TOR,26,77,56,21,22.4,106,6.2,29.1,36.8,0.4,13.8,0.9,34.3,7.3,6.1,6.2,21.2,0.024
Jonathan Gibson,BOS,30,4,2,2,10,113,0.8,8.3,10,0,0,0,0,3,3,1.5,12.5,0.002
Jonathan Isaac,ORL,20,27,11,16,19.8,101.1,3.1,16,21.1,1.2,35.9,1.1,44.1,7.6,5.6,5.5,18.4,0.033
Jonathon Simmons,ORL,28,69,21,48,29.4,110.9,2.6,9.8,13,0.8,19.3,0.2,7.6,11.2,7.8,7.6,30.6,0.013
Jordan Bell,GSW,23,57,43,14,14.2,103,2.6,18.1,24.3,0.6,24.8,1,36.8,5.2,4.3,4.1,13.6,0.02
Jordan Clarkson,CLE,25,81,40,41,23.3,105.3,2,9.2,12,0.7,19.2,0.1,3.7,8.6,6.8,5.4,22.7,0.027
Jordan Crawford,NOP,29,5,3,2,10.7,128.6,0.4,4.1,5.6,0.2,25,0.2,16.7,5.6,5,4.2,15.2,-0.019
Jordan Mickey,MIA,23,23,15,8,12.4,109.2,2.7,25.3,33.7,0.3,14.3,0.4,32.3,4,3.6,1.8,11,0.008
Jose Calderon,CLE,36,57,33,24,16,108.7,1.2,8.7,11.2,0.5,18.6,0,3,5.2,4,3.6,15.6,0.011
Josh Gray,PHX,24,5,0,5,17.3,118.2,1.6,11.9,14.3,1.6,57.1,0.4,22.2,7,3.4,5.4,16,-0.008
Josh Hart,LAL,23,63,27,36,23.2,107.7,3.5,16,20.9,0.7,21.6,0.3,13,8.6,6.1,5.9,22.9,0.019
Josh Huestis,OKC,26,69,43,26,14.2,102.6,1.7,13.5,17.6,0.2,10,0.6,31.4,4,3.8,3.1,12.1,0.021
Josh Jackson,PHX,21,77,19,58,25.4,110.3,3.3,13.9,18.3,1,27.5,0.5,19.9,9.9,7.4,8.1,25.6,0.014
Josh Magette,ATL,28,18,3,15,12,105.6,0.9,8.8,10.8,0.4,28.6,0.1,11.1,3.5,2.3,2.3,11.9,0.013
Josh McRoberts,DAL,31,2,2,0,2.9,101,0,0,0,0,0,0,0,0,0,0.5,0,0.005
Josh Richardson,MIA,24,81,44,37,33.2,103.6,2.7,9.1,11.5,1.5,28,0.9,24.1,10.5,8.1,7.6,29.5,0.045
Josh Smith,NOP,32,3,2,1,3.9,103.7,0.3,14.3,14.3,0,0,0,0,0.7,0,0,2.7,0.006
Jrue Holiday,NOP,27,81,47,34,36.1,103.2,3.7,10.7,13.9,1.5,24.8,0.8,16.9,12.3,10.3,10.4,34.3,0.051
Juancho Hernangomez,DEN,22,25,15,10,11.1,111.2,1.4,15.6,20.5,0.2,13.6,0.1,12.5,4.2,2.7,3.6,10.6,0.005
Julius Randle,LAL,23,82,35,47,26.7,107.5,5.8,22.7,29.2,0.5,14.2,0.5,21.7,10.4,7.1,7.4,27.2,0.023
Julyan Stone,CHA,29,23,10,13,7.6,101.2,1.2,16.6,20.1,0.2,16.7,0.1,20,2.3,2.1,1.9,7.1,0.012
Justin Anderson,PHI,24,38,27,11,13.7,105.7,1.8,13.7,18,0.4,19.2,0.2,14.3,5.2,3.9,3.1,12.2,0.015
Justin Holiday,CHI,29,72,24,48,31.5,107.5,3.6,12.5,15.2,1.1,22.5,0.4,17.5,9.8,7.1,7.9,28.1,0.028
Justin Jackson,SAC,23,68,21,47,22.2,108.7,2.4,12.2,15.7,0.4,12.4,0.2,9.8,7.4,5,5.8,19.7,0.016
Justin Patton,MIN,20,1,0,1,3.7,93.4,0,0,0,1,50,0,0,4,2,0,0,0.012
Justise Winslow,MIA,22,68,33,35,24.7,102.1,4.5,20.1,25.2,0.8,20.8,0.5,18.2,7.8,5.5,5.8,21.1,0.038
Jusuf Nurkic,POR,23,79,48,31,26.4,102.2,6.6,26.5,33.5,0.8,19.3,1.4,42,8.2,6.6,6.4,23.7,0.041
Kadeem Allen,BOS,25,18,9,9,6,102.5,0.4,7.4,8.6,0.2,17.6,0.1,28.6,2.1,1.1,1.1,5.8,0.009
Karl-Anthony Towns,MIN,22,82,47,35,35.6,107.7,9.4,30.4,39.7,0.8,13,1.4,43.1,10.8,9.3,9.4,33.2,0.03
Kawhi Leonard,SAS,26,9,5,4,23.3,95.2,4,17.5,22,2,42.9,1,40.9,7.7,6.2,6.1,22.2,0.056
Kay Felder,DET,23,16,6,10,8.7,108.7,0.9,12.1,14.9,0.2,14.3,0.1,14.3,3.8,2.6,2.3,8.1,0.006
Kelly Olynyk,MIA,27,76,42,34,23.4,104.5,4.5,22.5,28.5,0.8,20.7,0.5,20.8,7.1,5.4,4.9,21,0.028
Kelly Oubre Jr.,WAS,22,81,43,38,27.5,107.5,3.8,15.5,20.2,1,22.4,0.4,17.1,10.1,8.4,6.5,26.1,0.024
Kemba Walker,CHA,28,80,36,44,34.2,106.3,2.7,8.5,10.5,1.1,24.3,0.3,9,10.8,7.9,7.6,31.5,0.035
Kendrick Perkins,CLE,33,1,0,1,14.5,116.6,1,10,12.5,1,20,0,0,6,5,5,16,-0.003
Kenneth Faried,DEN,28,32,16,16,14.4,108.6,2.7,21.1,25.8,0.4,20.7,0.4,35.1,6.5,3.1,4.3,15.6,0.011
Kent Bazemore,ATL,28,65,19,46,27.5,107.4,3.4,13.9,18.9,1.5,31.2,0.7,25,10.4,8.1,7.4,26.1,0.024
Kentavious Caldwell-Pope,LAL,25,74,31,43,33.2,106,4.4,14.2,18.1,1.4,27.2,0.2,6.3,11.9,9.2,8.9,34.3,0.035
Kevin Durant,GSW,29,68,49,19,34.2,106.8,6.4,19.2,25.6,0.7,13.3,1.8,33.7,13.5,10.1,10.8,34.5,0.033
Kevin Love,CLE,29,59,37,22,28,111.3,7.5,29.9,38.7,0.7,16.9,0.4,20.3,10.3,7.1,6.8,27.8,0.011
Kevon Looney,GSW,22,66,45,21,13.8,103.8,2,15.7,19.9,0.5,26,0.8,41.2,4.8,3.3,4.2,13,0.018
Khem Birch,ORL,25,42,14,28,13.8,104.5,2.6,21.9,27.9,0.4,15.5,0.5,37.5,4.1,2.6,3.3,12,0.016
Khris Middleton,MIL,26,82,44,38,36.4,107.5,4.7,15,19.8,1.5,21.1,0.3,6.2,11.8,9.9,7.5,35.3,0.032
Klay Thompson,GSW,28,73,55,18,34.3,103.7,3.4,10.1,13.2,0.8,13.1,0.5,9,12.9,9.9,10.4,33.1,0.046
Kobi Simmons,MEM,20,32,6,26,20.1,117.5,1.1,6.9,9.1,0.6,18.6,0.2,8.3,8.6,5.3,6.8,19.9,-0.007
Kosta Koufos,SAC,29,71,22,49,19.6,107.1,4.5,26.7,34.5,0.7,21.8,0.5,26.7,5.3,5,4.2,16.9,0.018
Kris Dunn,CHI,24,52,19,33,29.3,110.1,3.8,14.4,17.7,2,40.3,0.5,21.4,10.2,6.7,6.9,28.2,0.016
Kristaps Porzingis,NYK,22,48,22,26,32.4,105.4,5.3,17.3,22.4,0.8,17.5,2.4,57.5,10.6,9.2,7.1,27.5,0.036
Kyle Anderson,SAS,24,74,41,33,26.7,101.4,4.2,17.7,22.4,1.6,33.7,0.8,23.1,8.6,6.6,7.2,25.2,0.043
Kyle Collinsworth,DAL,26,32,9,23,15,107.8,2.3,18.8,23.2,0.5,21.5,0.3,21.4,3.6,3.6,4.4,13.1,0.013
Kyle Korver,CLE,37,73,43,30,21.6,104.2,2.1,10.6,13.7,0.4,13.2,0.4,18.4,6.7,5.8,4.4,19.6,0.028
Kyle Kuzma,LAL,22,77,34,43,31.2,106.4,5.1,17.4,22.7,0.6,13.6,0.4,15.4,11.6,9,8.1,31.9,0.032
Kyle Lowry,TOR,32,78,57,21,32.2,104.1,4.7,15.7,19.9,1.1,22.8,0.2,6.5,10.2,8.6,8.1,30,0.042
Kyle O'Quinn,NYK,28,77,28,49,18,107.3,4.5,27.7,36.3,0.5,18.1,1.3,56.6,6.6,4.8,3.6,14.9,0.016
Kyle Singler,OKC,30,12,5,7,4.9,98,0.8,17.3,21.4,0.1,12.5,0,0,1.6,0.7,1.1,3.3,0.01
Kyrie Irving,BOS,26,60,41,19,32.2,103.4,3.2,10.7,13.9,1.1,23.2,0.3,8.6,10.3,7.5,7.2,29.5,0.044
LaMarcus Aldridge,SAS,32,75,45,30,33.4,102.1,5.2,17.4,21.7,0.6,11.1,1.2,28.4,9.6,8.1,8.4,29,0.051
Lance Stephenson,IND,27,82,48,34,22.6,109.1,4.4,23,29.5,0.6,16,0.2,11.4,7.3,5.5,5.7,21.3,0.015
Lance Thomas,NYK,30,73,25,48,18.5,107.8,1.8,11.1,14.3,0.4,16.2,0.2,11.7,7.2,4.7,4.7,16.7,0.015
Langston Galloway,DET,26,58,28,30,14.9,98.5,1.4,10,12.7,0.6,23.8,0.1,7.1,4.2,3.1,2.5,12.6,0.029
Larry Drew II,NOP,28,10,6,4,7,113.1,0,0,0,0,0,0,0,2.4,2,1.1,6.4,0.001
Larry Nance Jr.,CLE,25,66,32,34,21.5,103.2,4.4,22.6,29.7,1.3,30,0.6,28.6,7.3,6.2,4.8,21.5,0.031
Lauri Markkanen,CHI,21,68,23,45,29.7,110.2,6.3,23.6,28.8,0.6,12.7,0.6,25.5,10.6,6.4,7.4,27.7,0.016
LeBron James,CLE,33,82,50,32,36.9,110.9,7.5,22.5,29.1,1.4,26,0.9,28.9,12.7,9.7,9.1,36.2,0.017
London Perrantes,CLE,23,14,8,6,4.7,124.1,0.2,7,8.6,0.1,25,0.1,50,1.9,1,1.4,5.6,-0.005
Lonzo Ball,LAL,20,52,24,28,34.2,104.1,5.6,17,21.6,1.7,28,0.8,21.8,12.3,9.5,9.3,34.8,0.045
Lorenzo Brown,TOR,27,14,9,5,9.9,88.9,1,11,13.5,0.4,22.7,0,0,2.9,1.8,1.9,7.4,0.03
Lou Williams,LAC,31,79,42,37,32.8,110,2,6.6,8.9,1.1,21.8,0.2,7.5,12.2,9.8,10.7,32.2,0.019
Luc Mbah a Moute,HOU,31,61,52,9,25.6,101.2,2.7,11.3,14.2,1.2,24.5,0.4,16,7.9,6.3,5.6,24.2,0.042
Lucas Nogueira,TOR,25,49,36,13,8.5,96.4,1.4,18.3,24.3,0.5,25.8,0.9,60.6,2.3,2.6,1.7,7.5,0.019
Luis Montero,DET,25,2,1,1,4,100,1,22.2,22.2,0,0,0,0,3,0,1,4,0.007
Luke Babbitt,MIA,28,50,15,35,14.3,108.7,1.8,14,18.5,0.2,6.5,0.1,11.5,4.7,3.4,3.2,12.9,0.011
Luke Kennard,DET,21,73,34,39,20,103,2.1,11.7,14.9,0.6,20.2,0.2,9.6,6.2,4.5,3.4,17.7,0.028
Luke Kornet,NYK,22,20,6,14,16.3,112.8,2.7,18.2,24,0.3,13.3,0.8,50,5.3,5.9,3.7,16.3,0.004
Luol Deng,LAL,33,1,0,1,13.1,110.4,0,0,0,1,50,0,0,2,7,2,14,0.007
Malachi Richardson,TOR,22,26,8,18,12.4,110.5,1.1,11,14.9,0.4,17.2,0,4,3.7,3.1,3.5,10.9,0.006
Malcolm Brogdon,MIL,25,48,25,23,29.9,107.5,2.8,11.2,14.3,0.9,16.6,0.3,9.1,9.5,7.7,5.6,28.5,0.026
Malcolm Delaney,ATL,29,54,16,38,18.8,106.8,1.7,10.4,13.9,0.6,21.7,0.1,7.4,6.6,5.1,4.7,16.3,0.018
Malcolm Miller,TOR,25,15,15,0,8.4,101.4,0.7,9.8,11.8,0.1,4.8,0.1,14.3,3.7,1.8,3.1,7.7,0.014
Malik Beasley,DEN,21,62,34,28,9.4,107.3,0.9,10.7,13.9,0.2,17.2,0.1,12.5,3.9,2.3,2.1,8.8,0.009
Malik Monk,CHA,20,63,26,37,13.6,112.7,0.9,7.7,9.7,0.3,16.5,0.1,14.1,4.5,2.9,3.5,13.8,0.003
Mangok Mathiang,CHA,25,4,3,1,5,96.7,1.8,35,38.9,0.3,50,0,0,1.8,0.5,2.3,4.5,0.011
Manu Ginobili,SAS,40,65,39,26,20,105.9,1.9,10.8,14,0.7,22.6,0.2,10.8,6.7,5.7,5.5,18.3,0.022
MarShon Brooks,MEM,29,7,2,5,27.5,115.7,1.9,8.7,12.1,1.6,26.8,0.4,21.4,8.9,7.3,9.4,27.7,-0.004
Marc Gasol,MEM,33,73,21,52,33,108.2,7,25.6,32.8,0.7,15.6,1.4,43.2,11.5,7.3,10.3,28.1,0.026
Marcin Gortat,WAS,34,82,43,39,25.3,105,5.4,23.4,30.3,0.5,11.7,0.7,32.3,8.7,6.2,5.9,24.2,0.03
Marco Belinelli,PHI,32,80,39,41,24.3,107.2,1.6,7.6,10.1,0.8,20.1,0.2,6.6,8.6,6.5,5.8,22.5,0.022
Marcus Georges-Hunt,MIN,24,42,24,18,5.3,112.6,0.2,5,7,0.1,12.5,0,0,1.5,2,1.4,4.9,0.001
Marcus Morris,BOS,28,54,34,20,26.7,104.8,4.6,18.9,24.2,0.6,16.7,0.2,9,8.4,6.5,6.8,26.3,0.032
Marcus Paige,CHA,24,5,4,1,5.6,110.9,0.8,17.4,19,0,0,0,0,0.6,0.8,2.2,6,0.002
Marcus Smart,BOS,24,54,38,16,29.9,99.4,2.7,9.7,12.4,1.3,27,0.4,15.3,9.7,7.2,6.1,26.4,0.056
Mario Chalmers,MEM,32,66,21,45,21.5,105.3,2.2,11.9,15.7,1.2,30.9,0.2,9.9,8.1,5.4,6.6,18.7,0.025
Mario Hezonja,ORL,23,75,21,54,22.1,109.5,3.2,16.1,21.9,1.1,30.7,0.4,19.4,8.1,6.4,5.7,21.7,0.014
Markel Brown,HOU,26,4,4,0,7.9,121.9,1,12.1,19,0,0,0,0,2.5,3.8,1.5,8.5,-0.007
Markelle Fultz,PHI,20,14,11,3,18.1,96.9,2.3,11.9,15.1,0.9,25,0.3,14.3,5.3,4.8,3.1,16.4,0.041
Markieff Morris,WAS,28,73,37,36,27,106.9,4.6,19.1,25,0.8,17.3,0.5,22.1,9.7,7.2,6.1,26.2,0.025
Marquese Chriss,PHX,20,72,19,53,21.2,109.9,4.4,22.5,29.3,0.7,21,1,41.4,9,5.9,6.3,21.6,0.012
Marquis Teague,MEM,25,3,0,3,24.6,114.7,1.7,8.3,11.9,1.3,33.3,0,0,11,5,7.7,23.3,0
Marreese Speights,ORL,30,52,15,37,13,104.1,2.2,17.7,24,0.2,12.5,0.4,40.7,4.3,3.6,3.5,11.5,0.017
Marshall Plumlee,MIL,25,8,5,3,6.5,90.2,1.6,27.1,32.5,0,0,0.1,25,3.5,1.3,1,7.8,0.021
Marvin Williams,CHA,31,78,33,45,25.7,105.5,3.8,15.5,19.3,0.7,20.4,0.5,17.4,8.6,6.1,5.9,23.9,0.029
Mason Plumlee,DEN,28,74,40,34,19.5,108.8,3.6,20.3,27.1,0.7,21.3,1.1,47.9,8,5,5.3,18.5,0.014
Matt Costello,SAS,24,4,2,2,8.1,103.4,2,30.8,40,0.5,50,0.5,66.7,2,3.8,0.5,5.5,0.011
Matt Williams Jr.,MIA,24,3,1,2,3.8,56.3,0.3,9.1,10,0,0,0,0,0,0.7,0,2,0.027
Matthew Dellavedova,MIL,27,38,21,17,18.7,109.2,1.3,8.6,11.3,0.4,13.5,0,0,5.7,4.1,3.3,18.1,0.012
Maurice Harkless,POR,25,59,36,23,21.4,104.9,2,10.1,12.7,0.8,23.2,0.7,27,7.3,5.1,4.6,18.5,0.025
Maxi Kleber,DAL,26,72,20,52,16.8,105.3,2.3,15.6,19.2,0.4,16,0.7,38.2,4.3,3.8,5,15.1,0.019
Meyers Leonard,POR,26,33,17,16,7.7,114.4,1.8,28,33.7,0.2,18.9,0,0,3.2,1.6,2.2,6.2,0
Michael Beasley,NYK,29,74,24,50,22.3,110.8,4.3,21.4,28.4,0.5,14.9,0.6,24.7,8.1,6.1,5.4,20.6,0.01
Michael Carter-Williams,CHA,26,52,23,29,16.1,107.1,1.9,14.9,18.4,0.8,31.7,0.4,29.5,4.2,2.8,3,14.5,0.014
Michael Kidd-Gilchrist,CHA,24,74,34,40,25,105.8,2.9,12.7,15.6,0.7,19.7,0.4,16.7,8.1,5.4,5.8,24.1,0.027
Mike Conley,MEM,30,12,7,5,31.1,103.1,2.3,8,10.6,1,21.1,0.3,7.1,7.8,9.8,7.2,26.8,0.044
Mike James,NOP,27,36,11,25,19.1,107,2.1,11.9,15.3,0.8,28,0.2,9.2,6.4,5.5,5.5,18.9,0.018
Mike Muscala,ATL,26,53,14,39,20,108.1,3.3,17.1,21.8,0.6,18.9,0.5,29.3,7.2,4.9,5.5,18,0.016
Mike Scott,WAS,29,76,39,37,18.5,107.2,2.6,16.1,20.8,0.3,11,0.1,8.5,6.5,5,4.3,16.7,0.017
Miles Plumlee,ATL,29,55,19,36,16.7,106.6,2.7,18.1,22.9,0.3,14.4,0.5,38,6.9,4.3,5.3,15.6,0.017
Milos Teodosic,LAC,31,45,29,16,25.2,107,2.4,10.2,13.4,0.5,14.3,0.1,5.4,8.9,7.4,8.5,25.2,0.024
Milton Doyle,BKN,24,10,2,8,12.5,102.5,1.5,14.3,17.2,0.6,25,0.2,18.2,4.7,3.5,3.6,14,0.019
Mindaugas Kuzminskas,NYK,28,1,0,1,1.9,0,0,0,0,0,0,0,0,0,0,0,0,0.02
Mirza Teletovic,MIL,32,10,4,6,15.9,108.9,2,14.7,18.9,0.4,26.7,0.1,6.7,7.6,3,1.2,12,0.011
Monte Morris,DEN,22,3,2,1,8.4,112.6,0.7,9.5,12.5,1,50,0,0,2,4.3,1,5.3,0.002
Montrezl Harrell,LAC,24,76,39,37,17,107.4,2.7,16.7,22.6,0.5,17.5,0.7,38.2,6.1,5,5,15.8,0.015
Myke Henry,MEM,25,20,3,17,18.9,110.7,1.4,9.2,12.3,1.6,41.3,0.3,19.4,6.5,5.3,5.9,18.3,0.009
Myles Turner,IND,22,65,39,26,28.2,104.8,5,19.2,25.6,0.6,10.7,1.8,58.7,8.1,7.7,6.5,25.2,0.034
Nate Wolters,UTA,27,5,3,2,3.8,106.6,0.2,6.7,9.1,0,0,0,0,0.6,1,0.6,1.2,0.003
Naz Mitrou-Long,UTA,24,1,0,1,0.5,0,0,0,0,0,0,0,0,0,0,0,0,0.007
Nemanja Bjelica,MIN,30,67,38,29,20.5,108,3.3,18.4,23.5,0.7,23.1,0.2,17.2,6.8,5,5.8,19.8,0.017
Nene,HOU,35,52,42,10,14.6,98.4,2.3,17.9,21.6,0.5,17,0.3,24.6,4.4,3.7,2.7,11.9,0.03
Nerlens Noel,DAL,24,30,6,24,15.7,106.6,4,30.4,37.7,1,38.3,0.7,68.8,5.4,3.4,4.7,13.5,0.016
Nick Collison,OKC,37,15,9,6,5,101.7,0.9,20,25,0,0,0,0,1.5,1.3,1.6,3.6,0.008
Nick Young,GSW,33,80,56,24,17.4,105.3,1.3,8.2,10.6,0.5,17.1,0.1,3.2,7,4.6,5.1,17.5,0.02
Nicolas Batum,CHA,29,64,27,37,31,107.7,3.9,13.7,17.1,1,23.6,0.4,10.7,9.9,7.3,7.2,30.5,0.027
Nicolas Brussino,ATL,25,4,0,4,2.5,40.5,0.8,23.1,25,0,0,0,0,0,0,0,1.5,0.021
Nigel Hayes,SAC,23,9,6,3,13.6,94.9,2,16.4,20,0.2,12.5,0.3,37.5,4.7,3.6,3.6,12,0.031
Nik Stauskas,BKN,24,41,14,27,12.8,105.9,1.5,12.2,15.9,0.2,12.7,0.1,9.1,4.5,3.6,2.6,12.7,0.013
Nikola Jokic,DEN,23,75,43,32,32.6,108,8.1,28.2,35.6,1.2,23.5,0.8,28.1,12.3,6.9,8.4,30.7,0.026
Nikola Mirotic,NOP,27,55,34,21,27.2,105.1,6.3,24,31,0.8,17,0.7,22.2,8.6,7.8,7.4,27.6,0.032
Nikola Vucevic,ORL,27,57,17,40,29.5,106.5,7.4,27.4,35.1,1,18.2,1.1,42.2,10.1,7.2,8.2,30.3,0.03
Noah Vonleh,CHI,22,54,24,30,16.2,104.7,4.5,29.2,36.7,0.4,14.7,0.3,23.3,5.6,4,3.1,13.7,0.019
Norman Powell,TOR,25,70,51,19,15.2,105.9,1.5,11.4,15,0.5,19.5,0.2,13.8,5.4,4.5,3.1,14.4,0.016
OG Anunoby,TOR,20,74,51,23,20,102.2,1.9,10,12.6,0.7,24,0.2,7.5,6.5,5.2,5.6,20.3,0.031
Okaro White,CLE,25,6,2,4,13.3,103,1.3,11,13.8,0.2,16.7,0.2,16.7,5.5,3,2.7,14.7,0.019
Omari Johnson,MEM,29,4,1,3,18.8,119,1.8,11.7,15.9,0.5,13.3,0,0,7.5,6,9.3,16,-0.01
Omer Asik,CHI,31,18,7,11,10.1,112.1,2.1,23.9,29.5,0.1,8,0.2,28.6,4.5,2,2.7,9.6,0.003
Omri Casspi,GSW,29,53,40,13,14,102.8,3.2,23.4,30.7,0.3,14.5,0.4,15.7,5.5,4.3,4.4,14.3,0.02
Otto Porter Jr.,WAS,25,77,42,35,31.6,104.5,5.1,17.9,23.2,1.5,27.6,0.5,18.1,10.6,7.9,6.7,29.6,0.039
PJ Dozier,OKC,21,2,1,1,1.6,108.7,0.5,20,33.3,0,0,0,0,0,1,0,3,0.001
PJ Tucker,HOU,33,82,65,17,27.8,102.9,4.4,18.1,22.8,1,18.4,0.3,11.5,9.3,7,7,26.7,0.04
Pascal Siakam,TOR,24,81,59,22,20.7,102,3.5,19.3,25.2,0.8,20.5,0.5,19.2,6.3,5.3,4.2,18.8,0.032
Pat Connaughton,POR,25,82,49,33,18.1,104.7,1.5,9,11.3,0.3,12.4,0.3,16.7,5.4,4.4,3.9,14.8,0.022
Patrick Beverley,LAC,29,11,5,6,30.3,105.4,2.6,10,13.3,1.7,29.7,0.5,19.2,10.7,7,7.6,22.4,0.033
Patrick McCaw,GSW,22,57,41,16,16.9,107.9,1.2,7.5,10.1,0.8,25.4,0.2,5.9,6.6,4.9,4.9,18.1,0.014
Patrick Patterson,OKC,29,82,48,34,15.5,104.9,2,14.8,19.8,0.6,21.5,0.3,14.7,4.1,4.7,3.1,14.1,0.018
Patty Mills,SAS,29,82,47,35,25.7,104.8,1.6,7,9,0.7,16.5,0.1,4.4,7.6,6.5,6.6,24.8,0.031
Pau Gasol,SAS,37,77,45,32,23.5,101.3,6.4,28.5,36.3,0.3,8.9,1,38.2,7.3,6,6.4,21.3,0.038
Paul George,OKC,28,79,47,32,36.6,105.2,4.7,14.9,19.2,2,28.3,0.5,13.7,11.1,9.7,8.8,33.4,0.043
Paul Millsap,DEN,33,38,22,16,30.1,107,4.7,17.1,22.7,1,20.4,1.2,37.6,10.8,8.1,8.6,28.8,0.028
Paul Zipser,CHI,24,54,17,37,15.3,109.8,2.2,16.5,21.5,0.4,17.4,0.3,25.9,5,3.8,3.2,14.9,0.009
Quincy Acy,BKN,27,70,26,44,19.4,108.1,3.1,17.2,22.1,0.5,19.4,0.4,23.8,6.9,5.4,4.2,16.9,0.015
Quincy Pondexter,CHI,30,23,6,17,8.5,111.9,0.8,11.9,14.4,0.3,24.2,0.1,18.2,3,1.8,1.7,6.9,0.003
Quinn Cook,GSW,25,33,21,12,22.4,107.6,2.2,10.6,14,0.4,10.7,0,1,7.8,6.6,6.6,22.8,0.019
RJ Hunter,HOU,24,5,3,2,9,95,1,10.4,12.5,0.6,60,0,0,2.8,2.6,2.6,7.2,0.021
Rajon Rondo,NOP,32,65,41,24,26.2,106.3,3.6,14,18.5,1.1,23.8,0.2,4.4,9.3,7.9,8.9,26.6,0.027
Ramon Sessions,WAS,32,28,10,18,14,109.9,1.1,9.8,12.7,0.5,21.5,0.1,8.7,5,3.7,4,14.6,0.008
Rashad Vaughn,ORL,21,28,13,15,7.6,108.6,0.6,9.7,13.4,0.2,16.1,0.1,13,2.7,2.5,1.4,7.5,0.005
Raul Neto,UTA,26,41,28,13,12.2,96.8,1,8.9,10.9,0.3,14.9,0.1,6.2,3.4,2.3,2,9.7,0.026
Raymond Felton,OKC,33,82,48,34,16.6,105.1,1.6,11.2,15,0.6,20.9,0.2,10.7,4.5,5,3,14.7,0.019
Reggie Bullock,DET,27,62,32,30,27.9,105.6,2,8.1,10.3,0.8,18.2,0.2,8.6,8.8,6.9,6.5,25.6,0.031
Reggie Hearn,DET,26,3,3,0,2.2,105.6,0,0,0,0,0,0,0,1.3,2.3,0.7,1.3,0.003
Reggie Jackson,DET,28,45,27,18,26.7,105.9,2.1,9.3,12.1,0.6,13.4,0.1,5.3,8.2,6,5.9,24.1,0.028
Richard Jefferson,DEN,37,20,10,10,8.2,111.9,0.8,10.9,13.6,0.1,8.7,0.1,5.6,3.5,1.7,3.3,7.8,0.003
Richaun Holmes,PHI,24,48,30,18,15.5,106.2,3.2,20.6,27,0.4,16.1,0.6,42,6,4.7,3.6,14.3,0.016
Ricky Rubio,UTA,27,77,44,33,29.3,101.3,4,15.5,19.5,1.6,27.8,0.1,5.1,10,6.7,5.7,25.5,0.048
Robert Covington,PHI,27,80,51,29,31.6,99,4.7,15.5,19.3,1.7,28.4,0.9,25.8,11.1,7.6,6.5,26.3,0.061
Robin Lopez,CHI,30,64,23,41,26.4,107,2.4,10.1,12.2,0.2,5.5,0.8,37.6,8.4,5.5,6.5,24,0.024
Rodney Hood,CLE,25,60,29,31,26.9,108.6,2.4,10.2,13,0.8,17.6,0.2,8.5,8.8,6.3,5.6,24.7,0.02
Rodney McGruder,MIA,26,18,11,7,16.6,105.9,1.2,8.5,10.7,0.4,14.8,0.2,7.7,4.3,3.8,3.6,13.7,0.018
Rodney Purvis,ORL,24,16,5,11,18.1,106.4,1.6,9.8,12.7,0.2,6.7,0.2,9.4,5.3,4.8,5.9,16.6,0.018
Ron Baker,NYK,25,29,12,17,13.3,104,0.9,7.5,10,0.9,41.9,0.2,14.6,4.6,3.7,2.1,11.7,0.017
Rondae Hollis-Jefferson,BKN,23,68,26,42,28.2,108.4,5.3,19.7,25.5,1,27.1,0.7,23.3,10.3,7.7,7.4,28.9,0.022
Royce O'Neale,UTA,24,69,43,26,16.7,97.3,3.1,19.9,24.5,0.5,19.1,0.2,11.8,5,3.7,2.9,14,0.036
Rudy Gay,SAS,31,57,36,21,21.6,103.9,3.8,19.7,25.1,0.8,25.3,0.7,30.9,6.9,5.3,5.6,19.7,0.028
Rudy Gobert,UTA,25,56,37,19,32.4,97.7,7.8,26.2,32.6,0.8,14.1,2.3,61.7,11.5,7.1,6.5,26.5,0.068
Russell Westbrook,OKC,29,80,47,33,36.4,104.4,8.2,25.4,32.3,1.8,25.8,0.3,6.9,11.2,9.3,9,33.5,0.046
Ryan Anderson,HOU,30,66,52,14,26.1,106.5,3.6,15.6,19.3,0.4,8.7,0.3,13.5,8.8,6.1,7.2,27.5,0.026
Ryan Arcidiacono,CHI,24,24,6,18,12.7,103.8,1,8.5,10.6,0.5,23.2,0,0,4.5,2.5,2.6,10.9,0.017
Salah Mejri,DAL,31,61,21,40,11.9,103.7,2.6,24.4,31.2,0.4,21.2,1.1,68.4,3,3.5,3,9.4,0.016
Sam Dekker,LAC,24,73,36,37,12.1,103.8,1.8,15.7,20.9,0.3,16.3,0.1,10.1,4.2,3.1,4.2,11.4,0.016
Scotty Hopson,DAL,28,1,0,1,8.4,123,0,0,0,0,0,0,0,4,2,7,18,-0.01
Sean Kilpatrick,CHI,28,52,22,30,12.3,110.7,1.6,14.7,18.5,0.3,11.9,0.1,10.6,4.4,2.8,2.7,11.8,0.006
Semi Ojeleye,BOS,23,73,50,23,15.8,103.8,1.7,11.9,15.3,0.3,11.9,0.1,4.3,5.4,3.6,3,15.1,0.021
Serge Ibaka,TOR,28,76,53,23,27.5,104.7,5.3,20.3,25.6,0.4,10.1,1.3,39.9,8.7,7.4,7.3,26.3,0.034
Shabazz Muhammad,MIL,25,43,25,18,9.7,115.2,1.2,15.1,20.4,0.2,12.2,0.1,10,3.1,3.2,2.7,10.7,-0.001
Shabazz Napier,POR,26,74,46,28,20.7,103.6,1.9,10.1,13,1.1,37,0.2,9.1,6.3,5.2,4.3,18.1,0.027
Shane Larkin,BOS,25,54,39,15,14.3,99,1.4,11.2,14.3,0.5,22.3,0,2.9,4.3,3.4,2.6,13.1,0.027
Shaquille Harrison,PHX,24,23,3,20,16.7,104.2,2.3,14.5,18.3,1.1,33.3,0.3,20,6.6,4.1,3.9,14.3,0.021
Shaun Livingston,GSW,32,71,49,22,15.9,101.3,1.4,9.2,12.1,0.5,18.5,0.3,10.2,5.9,4.6,4.3,14.6,0.026
Shelvin Mack,ORL,28,69,21,48,19.8,105.2,2.1,11.8,15.7,0.8,25.5,0.1,5.6,7.1,5,4.9,18.1,0.022
Sindarius Thornwell,LAC,23,73,36,37,15.8,105.3,1.5,9.9,12.8,0.7,26.7,0.3,22.9,6,4.5,4.8,14.2,0.018
Skal Labissiere,SAC,22,60,19,41,20.7,108.8,3.2,17.8,23.2,0.4,12.6,0.8,42.2,6.6,5.8,4.8,19,0.015
Solomon Hill,NOP,27,12,8,4,15.6,106.3,2.3,14,17.4,0.6,20,0.1,5,6.4,4.7,4.5,15.8,0.017
Spencer Dinwiddie,BKN,25,80,28,52,28.8,108.9,2.7,10.4,13.4,0.9,23.4,0.3,10.6,9.4,7.8,6.6,28.1,0.02
Stanley Johnson,DET,22,69,33,36,27.4,104.2,3.2,13,16.5,1.4,28.9,0.2,10.4,8,6.5,5.8,23.7,0.035
Stephen Curry,GSW,30,51,41,10,32,105.7,4.4,14.1,18.5,1.6,27.9,0.2,3.3,12.3,9,9.9,32.5,0.037
Sterling Brown,MIL,23,54,26,28,14.4,103.7,2.1,17,23,0.6,22.3,0.2,14.9,4.8,4.3,3.6,14.7,0.019
Steven Adams,OKC,24,76,43,33,32.7,104.8,4,13.8,17.5,1.2,19.6,1,33.9,9.8,8.4,8.1,29.6,0.04
T.J. McConnell,PHI,26,76,50,26,22.4,104.2,2.5,11.6,15,1.2,32.9,0.2,6.8,9.6,6.3,5,20.1,0.029
TJ Leaf,IND,21,53,31,22,8.7,113.6,1,13.6,18.2,0.1,7.7,0.1,12.5,2.6,2.5,2.2,9.1,0.001
TJ Warren,PHX,24,65,18,47,33,111.6,3.2,10.5,13.9,1,22.8,0.6,17.9,13.1,9.4,10.7,33.6,0.012
Taj Gibson,MIN,32,82,47,35,33.2,107.1,4.8,16.4,21.5,0.8,12.9,0.7,22.7,9.9,9.1,8.9,31.1,0.031
Tarik Black,HOU,26,51,40,11,10.5,104.8,2,20.8,26.3,0.4,23.1,0.6,57.7,4.6,2.8,3,10.2,0.013
Taurean Prince,ATL,24,82,24,58,30,109.8,4.1,15.4,20.3,1,20.7,0.5,18.1,11.8,8.2,8.5,28.7,0.018
Terrance Ferguson,OKC,20,61,37,24,12.5,110.3,0.5,4.3,5.7,0.4,18.9,0.2,12,4.1,3.7,3.6,11.6,0.007
Terrence Ross,ORL,27,24,10,14,25,105.7,2.6,11.4,15.1,1.1,24.3,0.5,15.7,8.2,7,6.5,26.3,0.028
Terry Rozier,BOS,24,80,54,26,25.9,101,3.9,16.4,21,1,25.5,0.2,10.5,8,6.1,5.5,23.2,0.043
Thabo Sefolosha,UTA,34,38,16,22,21.2,102.1,3.5,19.1,23.9,1.4,30.4,0.3,13.8,6.9,4.9,3.7,18,0.032
Thaddeus Young,IND,29,81,48,33,32.2,104.2,4,14.1,18.6,1.7,25.6,0.4,16.1,10,8.6,8.5,30,0.041
Thomas Bryant,LAL,20,15,7,8,4.8,106.4,0.9,22.6,28.6,0.1,9.1,0.1,25,1.6,1.3,1.1,6.4,0.005
Thon Maker,MIL,21,74,40,34,16.7,110.4,2,15.4,21.1,0.5,16.7,0.7,41.7,5.3,5.1,3.6,16.6,0.009
Tim Frazier,WAS,27,59,31,28,14.2,107.8,1.6,13.9,17.6,0.8,32.9,0.1,11.3,4.8,3.6,2.7,12,0.012
Tim Hardaway Jr.,NYK,26,57,19,38,33.1,109.2,3.4,11.1,14.4,1.1,23.8,0.2,5.5,10.7,9,8.3,29.3,0.022
Tim Quarterman,HOU,23,3,2,1,4.3,92.2,1,18.8,21.4,0,0,0,0,4,1.7,3.3,4.7,0.013
Timofey Mozgov,BKN,31,31,12,19,11.6,105.5,2.1,20,24.3,0.2,8.8,0.4,35.1,4.9,2.6,2.7,11.1,0.013
Timothe Luwawu-Cabarrot,PHI,23,52,29,23,15.5,102.7,1.1,7.2,9.3,0.2,11.1,0.1,6,6.4,3.9,4.2,13.5,0.023
Tobias Harris,LAC,25,80,39,41,33.3,109.3,4.7,16.3,20.9,0.9,17.2,0.4,18.4,11.1,8.3,8.6,32,0.022
Tomas Satoransky,WAS,26,73,39,34,22.5,104.8,2.2,11.1,14.2,0.7,20.2,0.2,10.6,8.3,5.6,4.6,21.4,0.027
Tony Allen,NOP,36,22,12,10,12.4,103.7,1.2,10.3,13.5,0.5,22.9,0.1,13.6,4.5,3.9,2.1,10.8,0.017
Tony Bradley,UTA,20,9,6,3,3.2,97.5,0.8,28,33.3,0,0,0,0,0.3,0.8,0.8,1.3,0.007
Tony Parker,SAS,36,55,32,23,19.5,105.3,1.6,9.3,12,0.5,16.7,0,0.9,6.1,5.4,6.1,18.7,0.022
Tony Snell,MIL,26,75,42,33,27.4,108.9,1.8,7.6,10,0.6,12.9,0.4,12.4,9.5,7.3,5.7,27.7,0.02
Torrey Craig,DEN,27,39,22,17,16.1,111.1,2.2,15.2,19.1,0.3,13.5,0.4,23.1,5.6,3.4,4.3,15.4,0.007
Travis Wear,LAL,27,17,7,10,13.4,103.2,2.2,18.2,22.1,0.2,13.3,0.3,22.7,4.5,2.9,3,12.4,0.018
Treveon Graham,CHA,24,63,28,35,16.7,108.3,1.3,8.8,10.7,0.5,20.8,0,2.6,4.8,3.8,3.3,14.9,0.013
Trevor Ariza,HOU,32,67,51,16,33.9,104.3,3.9,13,16.5,1.5,23.7,0.2,6,12,8.3,9.2,35.4,0.043
Trevor Booker,IND,30,68,36,32,17,106.6,3,19.5,25,0.4,14.7,0.3,20.6,6.4,4.6,3.7,15,0.017
Trey Burke,NYK,25,36,10,26,21.8,114.2,1.6,8.5,11.4,0.7,22.9,0.1,4.8,6.9,6.8,4.6,21.8,0.001
Trey Lyles,DEN,22,73,41,32,19.1,109,4,24.1,30.7,0.4,14.4,0.5,22.2,7,3.6,4.6,18.3,0.013
Trey McKinney-Jones,IND,27,1,1,0,1.2,138.9,0,0,0,0,0,0,0,0,0,0,2,-0.004
Tristan Thompson,CLE,27,53,27,26,20.2,112.1,4.3,23.6,28.7,0.3,11.6,0.3,24.6,7.7,4.4,5.8,20.2,0.006
Troy Daniels,PHX,26,79,20,59,20.5,113.3,1.5,7.9,10.5,0.3,11.9,0.1,3.8,8.4,5.6,5.6,20.3,0.003
Troy Williams,NYK,23,21,7,14,14.6,113.9,2,15.2,20.3,1,40,0.2,13.8,5.9,3.7,4.2,15.7,0.001
Tyler Cavanaugh,ATL,24,39,11,28,13.3,108.2,2.1,19.7,25,0.2,9.9,0.1,12.9,4.5,3.3,3.1,13.4,0.011
Tyler Dorsey,ATL,22,56,15,41,17.4,109.4,2,12.5,15.5,0.3,14.7,0.1,7.1,6.8,4.1,5.6,16.3,0.011
Tyler Ennis,LAL,23,54,22,32,12.7,102.2,1.4,11.4,14.6,0.6,32.3,0.2,16.1,4.6,3.5,2.9,12.3,0.019
Tyler Johnson,MIA,26,72,39,33,28.5,103.9,3,11.9,15,0.8,17.9,0.5,16.3,9,6.7,6.6,26.3,0.037
Tyler Lydon,DEN,22,1,1,0,2.2,225,0,0,0,0,0,0,0,0,2,3,4,-0.026
Tyler Ulis,PHX,22,71,20,51,23.4,110.3,1.5,6.8,9,1,28.9,0.1,4.7,9,6.3,7.1,22.6,0.012
Tyler Zeller,MIL,28,66,27,39,16.8,106.1,3,18.5,23.4,0.2,10,0.5,36.5,6,4,4.8,16.3,0.018
Tyreke Evans,MEM,28,52,19,33,30.9,105.6,4.3,15.6,20.8,1.1,23,0.3,9.5,9.4,7.5,8.8,25.7,0.034
Tyrone Wallace,LAC,23,30,17,13,28.4,107,2.8,10.2,13.6,0.9,18.4,0.4,14.6,11.7,8.7,9.8,28.7,0.027
Tyson Chandler,PHX,35,46,15,31,25,111.3,6.2,26.6,34.8,0.3,10.7,0.6,27,10.1,7,8.3,23.4,0.01
Tyus Jones,MIN,22,82,47,35,17.9,105.7,1.4,9.4,12.2,1.2,35.1,0.1,4.7,5.4,4.8,4.1,17.5,0.019
Udonis Haslem,MIA,37,14,9,5,5.1,93.9,0.5,10.6,13.2,0,0,0.1,40,1.2,1.6,0.6,3.9,0.012
Vander Blue,LAL,25,5,1,4,9,88,0.2,2.6,2.9,0.2,8.3,0,0,4.8,2,0,6.8,0.029
Victor Oladipo,IND,26,75,48,27,34,102.9,4.6,14.6,19.5,2.4,33.8,0.8,24.7,10.5,9.3,8.5,30.2,0.049
Vince Carter,SAC,41,58,20,38,17.7,106.2,2.2,15,19.5,0.7,22.8,0.4,28,5.3,4.2,4.3,14.4,0.018
Vincent Hunter,MEM,23,4,0,4,1.9,93.2,0.3,20,25,0,0,0.3,100,0.5,0,0.5,0.5,0.004
Wade Baldwin IV,POR,22,7,4,3,11.5,101.9,1,10.3,11.9,0.3,16.7,0.1,16.7,4.7,2,3.7,8.9,0.018
Walter Lemon Jr.,NOP,25,5,4,1,7,123.6,0.4,7.4,9.5,0,0,0.2,25,1.4,2,3.6,10.8,-0.008
Wayne Ellington,MIA,30,77,42,35,26.5,103.9,2.5,10.7,13.5,0.7,17.7,0.1,3.5,8.3,6.3,5.3,23,0.034
Wayne Selden,MEM,23,35,10,25,19.8,108.7,1.1,6.9,8.9,0.5,15.9,0.1,7,7.9,4.8,6.1,18.5,0.015
Wes Iwundu,ORL,23,62,18,44,16.5,104.6,1.6,11.3,14.7,0.5,20.5,0.2,13,5,3.7,4.7,15.5,0.02
Wesley Johnson,LAC,30,74,38,36,20.1,106.9,2.5,13.6,17.9,1,28.5,0.8,38.8,7.7,5.4,6.3,18.4,0.019
Wesley Matthews,DAL,31,63,20,43,33.8,111.1,2.7,9.5,12.2,1.2,24.1,0.3,9.5,10,7.8,10.3,30.5,0.015
Will Barton,DEN,27,81,46,35,33.1,108.5,4.2,14.1,18.3,1,19.5,0.6,18.6,13,7.8,8.8,33.3,0.025
Willie Cauley-Stein,SAC,24,73,23,50,28,108.8,5.2,22.7,29.1,1.1,22.4,0.9,38.1,9.8,5.9,7.7,23.9,0.02
Willie Reed,DET,28,42,20,22,10.2,106.5,2,23.6,31.4,0.2,12,0.5,50,4.2,2.9,3.3,10.1,0.011
Willy Hernangomez,CHA,24,48,20,28,10.3,105.3,2.5,27.6,34.4,0.4,23.7,0.3,39,3.8,2.5,2.4,9,0.012
Wilson Chandler,DEN,31,74,41,33,31.7,108.4,4,14.1,18.1,0.6,11.1,0.5,15.7,12,7.3,9.1,31,0.024
Xavier Munford,MIL,26,6,2,4,3.5,125.5,0,0,0,0.2,50,0,0,0.8,0.8,0.8,3.3,-0.004
Xavier Rathan-Mayes,MEM,24,5,0,5,23.6,113,1,6.1,8.5,1.2,27.3,0.6,27.3,11.8,7.8,7.6,21.6,0.005
Xavier Silas,BOS,30,2,1,1,3.7,114.2,0.5,12.5,20,0.5,100,0,0,2.5,2,0,5,0
Yogi Ferrell,DAL,25,82,24,58,27.8,103.8,2.7,11,14.1,0.8,19.1,0.1,4.7,7.6,6.5,7.5,23.2,0.037
Zach Collins,POR,20,66,41,25,15.8,106.6,2.7,18.2,22.8,0.3,14.7,0.5,34.8,4.5,3.7,3.8,13,0.015
Zach LaVine,CHI,23,24,9,15,27.3,114.8,3.5,15,18.4,1,23.3,0.2,8.9,9.4,5.5,6.5,27.5,-0.001
Zach Randolph,SAC,36,59,18,41,25.6,114.3,5.1,24,30.4,0.7,18.1,0.2,9.5,9.2,6,8.2,23.3,0.001
Zaza Pachulia,GSW,34,69,47,22,14.1,105.5,3.4,25.3,32.4,0.6,24.4,0.2,15,5.1,3.7,4.4,14.6,0.016
Zhou Qi,HOU,22,18,14,4,6.9,106.8,0.9,13.3,16.8,0.1,11.8,0.8,77.8,2.8,1.9,0.9,6.3,0.007