name,TEAM,AGE,RAFGM,RAFGA,RAFGpct,pfgm,pfg,pfgpct,mfgm,mfga,mfgpct,L3FGM,L3FGA,L3FGpct,R3FGM,R3FGA,R3FGpct,T3FGM,T3FGA,T3FGpct
RJ Hunter,HOU,24,3,4,75,0,1,0,1,1,100,1,1,100,0,1,0,2,12,16.7
Juancho Hernangomez,DEN,22,13,19,68.4,1,5,20,1,1,100,3,5,60,4,12,33.3,7,33,21.2
Okaro White,CLE,25,2,4,50,0,0,0,1,1,100,1,4,25,0,0,0,3,7,42.9
Justin Patton,MIN,20,0,0,0,0,1,0,1,1,100,0,0,0,0,0,0,0,0,0
Vincent Hunter,MEM,23,2,3,66.7,0,1,0,1,1,100,-,-,-,-,-,-,0,0,0
Jacob Pullen,PHI,28,0,0,0,0,0,0,1,1,100,0,0,0,0,0,0,0,1,0
Alfonzo McKinnie,TOR,25,2,2,100,2,3,66.7,1,1,100,2,4,50,0,1,0,1,4,25
Markel Brown,HOU,26,0,1,0,0,0,0,1,1,100,0,0,0,0,0,0,1,5,20
Matt Williams Jr.,MIA,24,0,0,0,0,0,0,1,1,100,0,1,0,0,0,0,1,4,25
Joel Bolomboy,MIL,24,2,4,50,0,0,0,1,1,100,0,0,0,0,0,0,0,1,0
Andrew Bogut,LAL,33,14,18,77.8,2,6,33.3,1,1,100,0,0,0,0,0,0,0,0,0
Ryan Arcidiacono,CHI,24,5,5,100,1,3,33.3,2,2,100,4,6,66.7,3,5,60,2,19,10.5
Jonathan Gibson,BOS,30,5,6,83.3,1,3,33.3,2,2,100,1,1,100,0,0,0,5,11,45.5
Torrey Craig,DEN,27,40,66,60.6,0,7,0,5,6,83.3,5,11,45.5,3,11,27.3,9,33,27.3
Tyler Cavanaugh,ATL,24,24,44,54.5,5,11,45.5,6,8,75,4,15,26.7,9,18,50,19,56,33.9
Darrun Hilliard,SAS,25,1,3,33.3,1,6,16.7,3,4,75,0,1,0,0,0,0,0,5,0
Dakari Johnson,OKC,22,14,24,58.3,3,8,37.5,5,7,71.4,0,0,0,0,0,0,0,0,0
Bobby Brown,HOU,33,4,7,57.1,0,5,0,4,6,66.7,2,2,100,0,1,0,9,37,24.3
Omer Asik,CHI,31,7,18,38.9,0,1,0,2,3,66.7,0,0,0,0,0,0,0,0,0
Meyers Leonard,POR,26,17,22,77.3,7,13,53.8,11,17,64.7,2,3,66.7,0,1,0,9,22,40.9
Jamil Wilson,LAC,27,6,8,75,0,2,0,5,8,62.5,1,2,50,1,5,20,25,56,44.6
Terrance Ferguson,OKC,20,20,29,69,1,5,20,9,15,60,19,36,52.8,7,26,26.9,14,58,24.1
Stephen Curry,GSW,30,113,174,64.9,25,59,42.4,78,130,60,16,45,35.6,10,29,34.5,186,419,44.4
Briante Weber,MEM,25,7,13,53.8,4,12,33.3,4,7,57.1,0,0,0,0,1,0,4,10,40
Omri Casspi,GSW,29,77,113,68.1,25,58,43.1,8,14,57.1,2,2,100,2,3,66.7,6,16,37.5
Kawhi Leonard,SAS,26,17,23,73.9,6,21,28.6,18,32,56.3,0,1,0,1,4,25,10,30,33.3
Mike Scott,WAS,29,70,104,67.3,51,99,51.5,89,158,56.3,11,23,47.8,8,20,40,47,119,39.5
Kenneth Faried,DEN,28,54,93,58.1,17,45,37.8,5,9,55.6,0,0,0,0,0,0,0,0,0
Channing Frye,LAL,35,34,43,79.1,10,16,62.5,21,38,55.3,2,7,28.6,3,10,30,34,97,35.1
Nigel Hayes,SAC,23,1,4,25,0,2,0,6,11,54.5,2,7,28.6,2,2,100,0,7,0
Ryan Anderson,HOU,30,46,75,61.3,4,18,22.2,26,48,54.2,5,16,31.3,10,21,47.6,116,302,38.4
Chris Paul,HOU,33,55,87,63.2,72,153,47.1,97,180,53.9,9,28,32.1,18,28,64.3,116,318,36.5
Darius Miller,NOP,28,9,15,60,17,35,48.6,43,80,53.8,17,29,58.6,24,47,51.1,106,280,37.9
Trey Burke,NYK,25,46,64,71.9,20,49,40.8,89,166,53.6,5,10,50,2,5,40,31,87,35.6
Darrell Arthur,DEN,30,6,7,85.7,0,2,0,8,15,53.3,1,4,25,1,1,100,6,18,33.3
Luke Babbitt,MIA,28,6,11,54.5,8,17,47.1,17,32,53.1,12,26,46.2,6,19,31.6,42,110,38.2
Damion Lee,ATL,25,25,34,73.5,12,39,30.8,10,19,52.6,5,13,38.5,2,6,33.3,8,40,20
Quinn Cook,GSW,25,27,50,54,17,36,47.2,33,64,51.6,6,10,60,2,8,25,37,84,44
T.J. McConnell,PHI,26,75,118,63.6,57,139,41,51,102,50,3,8,37.5,11,16,68.8,13,34,38.2
Marcus Paige,CHA,24,0,2,0,1,2,50,1,2,50,1,2,50,1,2,50,0,4,0
Dante Cunningham,BKN,31,86,138,62.3,7,32,21.9,13,26,50,19,63,30.2,24,54,44.4,15,51,29.4
Corey Brewer,OKC,32,101,173,58.4,5,23,21.7,5,10,50,13,45,28.9,12,34,35.3,6,28,21.4
Lorenzo Brown,TOR,27,4,5,80,4,9,44.4,4,8,50,0,2,0,0,4,0,2,6,33.3
Aaron Brooks,MIN,33,7,15,46.7,2,7,28.6,8,16,50,1,3,33.3,2,2,100,8,24,33.3
Dante Exum,UTA,22,28,47,59.6,8,20,40,1,2,50,0,1,0,3,7,42.9,2,9,22.2
Xavier Munford,MIL,26,0,1,0,0,1,0,1,2,50,0,0,0,0,0,0,0,2,0
Willie Reed,DET,28,57,80,71.3,18,29,62.1,5,10,50,0,0,0,0,0,0,1,2,50
Adreian Payne,ORL,27,1,1,100,2,2,100,2,4,50,1,1,100,0,0,0,1,2,50
Wade Baldwin IV,POR,22,6,7,85.7,3,7,42.9,1,2,50,0,0,0,0,0,0,4,5,80
Rashad Vaughn,ORL,21,4,8,50,2,5,40,3,6,50,3,6,50,3,4,75,8,27,29.6
Brandon Jennings,MIL,28,6,10,60,4,13,30.8,8,16,50,0,2,0,1,2,50,8,29,27.6
Gorgui Dieng,MIN,28,67,111,60.4,17,49,34.7,84,168,50,9,31,29,5,17,29.4,4,12,33.3
Richard Jefferson,DEN,37,4,8,50,5,10,50,1,2,50,0,0,0,0,0,0,2,7,28.6
Ike Anigbogu,IND,19,1,2,50,0,1,0,3,6,50,0,0,0,0,0,0,0,0,0
Kadeem Allen,BOS,25,5,8,62.5,0,1,0,1,2,50,0,2,0,0,2,0,0,7,0
Tyson Chandler,PHX,35,118,179,65.9,2,6,33.3,1,2,50,0,0,0,0,0,0,0,0,0
Shaquille Harrison,PHX,24,51,87,58.6,1,9,11.1,1,2,50,3,4,75,0,4,0,3,17,17.6
Solomon Hill,NOP,27,5,9,55.6,1,9,11.1,1,2,50,1,3,33.3,0,1,0,3,16,18.8
Joffrey Lauvergne,SAS,26,72,109,66.1,22,68,32.4,4,8,50,0,1,0,0,2,0,0,1,0
Alec Peters,PHX,23,6,10,60,2,2,100,2,4,50,4,11,36.4,1,7,14.3,13,40,32.5
Jahlil Okafor,BKN,22,44,65,67.7,25,55,45.5,7,14,50,0,1,0,1,1,100,0,2,0
Jaylen Morris,ATL,22,7,14,50,2,4,50,2,4,50,0,4,0,0,0,0,2,5,40
Jason Terry,MIL,40,8,14,57.1,2,7,28.6,9,18,50,6,22,27.3,16,34,47.1,18,58,31
Thomas Bryant,LAL,20,5,6,83.3,0,1,0,2,4,50,0,2,0,0,1,0,1,7,14.3
Jameel Warney,DAL,24,5,6,83.3,1,4,25,1,2,50,0,0,0,0,0,0,0,0,0
Serge Ibaka,TOR,28,103,151,68.2,70,136,51.5,100,201,49.8,12,29,41.4,8,16,50,86,251,34.3
Kyrie Irving,BOS,26,172,279,61.6,84,177,47.5,112,225,49.8,11,28,39.3,13,25,52,142,352,40.3
Kevin Durant,GSW,29,176,245,71.8,87,171,50.9,194,393,49.4,11,20,55,11,20,55,151,370,40.8
JJ Redick,PHI,33,48,78,61.5,17,45,37.8,146,296,49.3,17,34,50,15,33,45.5,161,392,41.1
Khris Middleton,MIL,26,117,203,57.6,106,208,51,224,454,49.3,13,40,32.5,24,43,55.8,109,323,33.7
Luke Kennard,DET,21,41,71,57.7,24,77,31.2,60,122,49.2,1,6,16.7,11,26,42.3,69,163,42.3
Klay Thompson,GSW,28,101,153,66,49,107,45.8,196,399,49.1,27,51,52.9,19,45,42.2,183,421,43.5
Damyean Dotson,NYK,24,21,36,58.3,8,14,57.1,21,43,48.8,2,12,16.7,3,4,75,17,51,33.3
Reggie Bullock,DET,27,85,124,68.5,22,69,31.9,35,72,48.6,16,35,45.7,18,43,41.9,91,202,45
Myles Turner,IND,22,111,187,59.4,26,60,43.3,113,235,48.1,1,8,12.5,3,6,50,52,142,36.6
Bojan Bogdanovic,IND,29,150,244,61.5,44,106,41.5,56,117,47.9,24,57,42.1,29,58,50,101,270,37.4
Damian Lillard,POR,27,227,422,53.8,53,126,42.1,114,238,47.9,6,12,50,4,14,28.6,217,603,36
Nikola Jokic,DEN,23,181,280,64.6,122,261,46.7,91,190,47.9,4,10,40,8,11,72.7,98,255,38.4
Karl-Anthony Towns,MIN,22,312,446,70,117,253,46.2,90,188,47.9,15,27,55.6,11,20,55,94,237,39.7
Otto Porter Jr.,WAS,25,116,169,68.6,59,128,46.1,132,277,47.7,12,29,41.4,16,34,47.1,110,247,44.5
Yogi Ferrell,DAL,25,67,124,54,26,71,36.6,84,176,47.7,17,35,48.6,14,25,56,103,298,34.6
Joe Johnson,HOU,36,15,21,71.4,49,107,45.8,42,88,47.7,8,31,25.8,10,28,35.7,22,84,26.2
Jordan Bell,GSW,23,93,133,69.9,13,27,48.1,10,21,47.6,0,0,0,0,0,0,0,4,0
Jose Calderon,CLE,36,25,36,69.4,4,11,36.4,20,42,47.6,2,4,50,7,11,63.6,35,81,43.2
Daniel Theis,BOS,26,82,118,69.5,8,19,42.1,18,38,47.4,6,8,75,2,7,28.6,10,43,23.3
Ivan Rabb,MEM,21,49,74,66.2,11,23,47.8,26,55,47.3,0,0,0,0,0,0,0,0,0
Wayne Selden,MEM,23,34,64,53.1,16,47,34,17,36,47.2,6,16,37.5,2,9,22.2,41,97,42.3
Nene,HOU,35,107,172,62.2,13,31,41.9,16,34,47.1,0,0,0,0,2,0,0,0,0
Ian Clark,NOP,27,58,91,63.7,55,109,50.5,47,100,47,9,27,33.3,12,28,42.9,41,138,29.7
Kyle Korver,CLE,37,24,33,72.7,4,11,36.4,30,64,46.9,29,54,53.7,15,34,44.1,120,287,41.8
Ish Smith,DET,29,152,239,63.6,83,207,40.1,119,254,46.9,4,15,26.7,4,14,28.6,26,69,37.7
Bogdan Bogdanovic,SAC,25,79,135,58.5,48,120,40,90,192,46.9,9,15,60,11,27,40.7,107,276,38.8
David West,GSW,37,102,136,75,44,91,48.4,67,143,46.9,0,0,0,0,1,0,3,7,42.9
D.J. Augustin,ORL,30,91,160,56.9,17,61,27.9,22,47,46.8,13,27,48.1,3,16,18.8,98,227,43.2
Jrue Holiday,NOP,27,279,433,64.4,127,265,47.9,89,190,46.8,16,37,43.2,5,32,15.6,99,285,34.7
Evan Fournier,ORL,25,125,201,62.2,58,141,41.1,59,126,46.8,19,39,48.7,10,24,41.7,97,270,35.9
James Ennis III,DET,27,100,155,64.5,11,32,34.4,21,45,46.7,11,29,37.9,7,24,29.2,32,99,32.3
Vince Carter,SAC,41,29,51,56.9,7,22,31.8,21,45,46.7,3,13,23.1,5,13,38.5,49,137,35.8
Marc Gasol,MEM,33,111,184,60.3,89,261,34.1,125,268,46.6,2,7,28.6,1,3,33.3,106,307,34.5
Dirk Nowitzki,DAL,39,28,37,75.7,26,53,49.1,154,331,46.5,6,12,50,3,5,60,129,319,40.4
Marco Belinelli,PHI,32,71,110,64.5,17,44,38.6,100,215,46.5,10,29,34.5,13,32,40.6,126,332,38
Aron Baynes,BOS,31,104,190,54.7,41,101,40.6,62,134,46.3,0,3,0,1,10,10,2,8,25
Bobby Portis,CHI,23,155,282,55,66,131,50.4,81,175,46.3,6,14,42.9,3,11,27.3,71,197,36
Gerald Green,HOU,32,29,53,54.7,11,23,47.8,18,39,46.2,18,38,47.4,12,41,29.3,80,217,36.9
Dewayne Dedmon,ATL,28,115,148,77.7,43,96,44.8,43,93,46.2,11,31,35.5,16,38,42.1,22,71,31
JaVale McGee,GSW,30,107,151,70.9,17,36,47.2,12,26,46.2,0,0,0,0,1,0,0,5,0
Darren Collison,IND,30,104,164,63.4,9,37,24.3,107,232,46.1,12,34,35.3,19,32,59.4,65,137,47.4
E'Twaun Moore,NOP,29,137,209,65.6,109,214,50.9,50,109,45.9,42,79,53.2,21,47,44.7,64,174,36.8
Kyle O'Quinn,NYK,28,137,199,68.8,41,76,53.9,42,92,45.7,0,1,0,2,3,66.7,2,12,16.7
Tim Hardaway Jr.,NYK,26,132,214,61.7,34,91,37.4,64,140,45.7,11,26,42.3,9,28,32.1,110,354,31.1
Cedi Osman,CLE,23,37,50,74,6,16,37.5,15,33,45.5,6,17,35.3,9,23,39.1,17,46,37
Mario Chalmers,MEM,32,62,117,53,28,80,35,25,55,45.5,5,20,25,8,22,36.4,40,141,28.4
Shabazz Napier,POR,26,59,114,51.8,13,47,27.7,69,152,45.4,8,26,30.8,6,9,66.7,68,183,37.2
Jamal Crawford,MIN,38,29,55,52.7,42,79,53.2,133,295,45.1,15,45,33.3,14,27,51.9,75,238,31.5
Jerami Grant,OKC,24,186,280,66.4,17,46,37,9,20,45,7,23,30.4,8,35,22.9,17,50,34
Milos Teodosic,LAC,31,15,24,62.5,13,26,50,35,78,44.9,2,11,18.2,6,9,66.7,80,212,37.7
Bradley Beal,WAS,24,229,348,65.8,69,191,36.1,186,415,44.8,14,35,40,7,19,36.8,178,474,37.6
Dennis Schroder,ATL,24,206,378,54.5,63,161,39.1,155,346,44.8,3,11,27.3,1,7,14.3,72,237,30.4
Tomas Satoransky,WAS,26,81,122,66.4,39,85,45.9,34,76,44.7,3,11,27.3,18,31,58.1,26,57,45.6
Al Jefferson,IND,33,38,64,59.4,40,68,58.8,33,74,44.6,0,0,0,0,0,0,0,2,0
Isaiah Thomas,LAL,29,48,95,50.5,21,64,32.8,33,74,44.6,4,13,30.8,4,12,33.3,47,162,29
Patty Mills,SAS,29,47,83,56.6,11,31,35.5,69,155,44.5,16,36,44.4,12,26,46.2,125,349,35.8
Jason Smith,WAS,32,17,28,60.7,4,10,40,20,45,44.4,0,4,0,0,7,0,4,21,19
Chris McCullough,WAS,23,11,17,64.7,2,8,25,4,9,44.4,0,0,0,0,0,0,1,8,12.5
Ramon Sessions,WAS,32,21,44,47.7,9,38,23.7,4,9,44.4,2,5,40,1,4,25,5,17,29.4
D'Angelo Russell,BKN,22,76,131,58,56,137,40.9,56,126,44.4,4,11,36.4,6,16,37.5,80,251,31.9
Jerian Grant,CHI,25,66,106,62.3,18,66,27.3,64,144,44.4,3,8,37.5,4,7,57.1,54,168,32.1
Kyle Anderson,SAS,24,130,193,67.4,47,109,43.1,35,79,44.3,5,19,26.3,10,18,55.6,4,19,21.1
Lou Williams,LAC,31,190,326,58.3,88,226,38.9,118,267,44.2,20,68,29.4,11,40,27.5,154,406,37.9
Evan Turner,POR,29,55,86,64,62,135,45.9,99,224,44.2,8,27,29.6,12,34,35.3,22,71,31
Joel Embiid,PHI,24,238,344,69.2,77,205,37.6,129,293,44,3,8,37.5,1,5,20,62,201,30.8
Malcolm Brogdon,MIL,25,128,207,61.8,25,69,36.2,29,66,43.9,11,21,52.4,10,22,45.5,41,117,35
Jabari Parker,MIL,23,79,137,57.7,15,34,44.1,35,80,43.8,1,4,25,6,10,60,24,65,36.9
Shaun Livingston,GSW,32,61,90,67.8,41,88,46.6,70,160,43.8,0,2,0,0,0,0,0,2,0
Jonas Valanciunas,TOR,26,238,350,68,94,199,47.2,28,64,43.8,4,5,80,0,1,0,26,68,38.2
Mason Plumlee,DEN,28,190,276,68.8,24,75,32,7,16,43.8,0,0,0,0,0,0,0,1,0
Jayson Tatum,BOS,20,178,302,58.9,22,79,27.8,93,213,43.7,14,29,48.3,19,32,59.4,71,180,39.4
C.J. Williams,LAC,28,35,48,72.9,13,32,40.6,17,39,43.6,3,14,21.4,4,12,33.3,15,52,28.8
Josh Richardson,MIA,24,130,214,60.7,48,119,40.3,94,216,43.5,13,45,28.9,16,41,39,98,249,39.4
Sindarius Thornwell,LAC,23,48,105,45.7,19,45,42.2,10,23,43.5,7,16,43.8,5,13,38.5,11,29,37.9
Cody Zeller,CHA,25,62,109,56.9,11,21,52.4,10,23,43.5,0,0,0,0,0,0,2,3,66.7
Malachi Richardson,TOR,22,7,22,31.8,1,5,20,10,23,43.5,2,4,50,1,5,20,9,31,29
Rondae Hollis-Jefferson,BKN,23,184,313,58.8,65,174,37.4,80,184,43.5,6,19,31.6,3,10,30,4,23,17.4
Deyonta Davis,MEM,21,121,161,75.2,10,35,28.6,30,69,43.5,0,0,0,0,0,0,0,0,0
Ricky Rubio,UTA,27,84,165,50.9,42,103,40.8,124,286,43.4,21,50,42,8,29,27.6,67,194,34.5
Thon Maker,MIL,21,52,100,52,14,37,37.8,33,76,43.4,5,10,50,11,37,29.7,15,55,27.3
Trey Lyles,DEN,22,131,197,66.5,33,82,40.2,23,53,43.4,8,30,26.7,9,14,64.3,66,171,38.6
Markieff Morris,WAS,28,101,151,66.9,60,114,52.6,93,215,43.3,15,36,41.7,6,25,24,55,141,39
Tyus Jones,MIN,22,54,86,62.8,32,69,46.4,19,44,43.2,13,35,37.1,3,10,30,29,82,35.4
Devin Booker,PHX,21,126,213,59.2,55,163,33.7,127,294,43.2,13,30,43.3,5,15,33.3,129,335,38.5
Nikola Vucevic,ORL,27,148,203,72.9,96,223,43,91,211,43.1,0,1,0,1,1,100,62,200,31
James Johnson,MIA,31,182,267,68.2,37,85,43.5,33,77,42.9,8,25,32,16,48,33.3,33,111,29.7
Guerschon Yabusele,BOS,22,11,15,73.3,0,2,0,3,7,42.9,1,2,50,0,3,0,11,32,34.4
Marcus Morris,BOS,28,58,98,59.2,37,90,41.1,81,189,42.9,7,21,33.3,7,20,35,72,184,39.1
CJ McCollum,POR,26,165,310,53.2,124,279,44.4,189,441,42.9,15,42,35.7,9,23,39.1,165,410,40.2
Sterling Brown,MIL,23,32,65,49.2,6,21,28.6,12,28,42.9,9,24,37.5,6,17,35.3,17,49,34.7
Kris Dunn,CHI,24,102,194,52.6,56,140,40,85,198,42.9,2,10,20,5,9,55.6,36,114,31.6
Justin Anderson,PHI,24,43,66,65.2,4,20,20,6,14,42.9,3,12,25,6,18,33.3,25,71,35.2
Jordan Clarkson,CLE,25,161,269,59.9,61,143,42.7,97,226,42.9,19,37,51.4,6,19,31.6,86,260,33.1
Emeka Okafor,NOP,35,31,52,59.6,8,22,36.4,9,21,42.9,0,0,0,0,0,0,0,0,0
Rudy Gay,SAS,31,100,153,65.4,59,132,44.7,57,134,42.5,6,16,37.5,3,13,23.1,28,83,33.7
LaMarcus Aldridge,SAS,32,296,419,70.6,129,283,45.6,235,553,42.5,6,10,60,2,7,28.6,19,74,25.7
Eric Bledsoe,MIL,28,217,322,67.4,49,126,38.9,77,181,42.5,13,29,44.8,12,33,36.4,100,297,33.7
DeMar DeRozan,TOR,28,209,323,64.7,133,299,44.5,214,504,42.5,15,51,29.4,11,39,28.2,63,193,32.6
JR Smith,CLE,32,31,58,53.4,21,51,41.2,45,106,42.5,26,60,43.3,36,66,54.5,81,254,31.9
Kemba Walker,CHA,28,185,342,54.1,53,139,38.1,119,281,42.3,6,15,40,5,16,31.3,220,563,39.1
Al Horford,BOS,32,128,185,69.2,78,187,41.7,65,154,42.2,9,18,50,10,18,55.6,78,191,40.8
Justin Jackson,SAC,23,63,83,75.9,27,61,44.3,38,90,42.2,18,43,41.9,10,32,31.3,29,108,26.9
Danilo Gallinari,LAC,29,32,57,56.1,7,24,29.2,27,64,42.2,1,8,12.5,5,9,55.6,30,93,32.3
Bryn Forbes,SAS,24,25,45,55.6,36,85,42.4,59,140,42.1,14,31,45.2,9,14,64.3,66,181,36.5
Tyler Ulis,PHX,22,32,78,41,59,134,44,81,193,42,5,14,35.7,0,6,0,37,123,30.1
Mario Hezonja,ORL,23,115,180,63.9,30,79,38,38,91,41.8,5,21,23.8,7,19,36.8,78,227,34.4
Georgios Papagiannis,POR,20,9,19,47.4,4,11,36.4,5,12,41.7,0,0,0,0,0,0,0,0,0
Anthony Tolliver,DET,33,50,71,70.4,5,24,20.8,5,12,41.7,10,33,30.3,29,61,47.5,120,271,44.3
Steven Adams,OKC,24,359,530,67.7,84,168,50,5,12,41.7,0,0,0,0,0,0,0,0,0
Victor Oladipo,IND,26,254,380,66.8,68,151,45,157,377,41.6,14,26,53.8,11,19,57.9,136,387,35.1
Ersan Ilyasova,PHI,31,124,204,60.8,18,50,36,44,106,41.5,16,36,44.4,19,38,50,56,179,31.3
Jamal Murray,DEN,21,150,256,58.6,83,175,47.4,81,195,41.5,15,36,41.7,13,24,54.2,137,371,36.9
Buddy Hield,SAC,24,109,182,59.9,30,99,30.3,102,246,41.5,21,45,46.7,17,28,60.7,137,331,41.4
Tobias Harris,LAC,25,179,293,61.1,109,264,41.3,91,220,41.4,21,48,43.8,28,58,48.3,134,337,39.8
Treveon Graham,CHA,24,31,58,53.4,13,37,35.1,12,29,41.4,6,14,42.9,10,25,40,24,58,41.4
Jarrett Jack,NYK,34,39,69,56.5,54,116,46.6,71,172,41.3,2,8,25,1,4,25,22,72,30.6
Wesley Johnson,LAC,30,38,62,61.3,3,10,30,49,119,41.2,24,63,38.1,14,35,40,22,78,28.2
Brandon Ingram,LAL,20,199,322,61.8,27,113,23.9,91,221,41.2,5,11,45.5,9,19,47.4,27,74,36.5
Pat Connaughton,POR,25,62,104,59.6,15,42,35.7,14,34,41.2,4,19,21.1,6,23,26.1,64,167,38.3
Harrison Barnes,DAL,26,177,293,60.4,112,268,41.8,129,314,41.1,23,43,53.5,13,45,28.9,83,242,34.3
Joe Young,IND,25,23,45,51.1,9,19,47.4,23,56,41.1,1,7,14.3,4,6,66.7,20,50,40
Malcolm Delaney,ATL,29,29,58,50,2,25,8,32,78,41,8,23,34.8,5,8,62.5,33,92,35.9
DeAndre Liggins,NOP,30,9,24,37.5,3,7,42.9,9,22,40.9,2,8,25,6,22,27.3,11,22,50
Kevon Looney,GSW,22,92,134,68.7,10,32,31.3,9,22,40.9,0,0,0,0,0,0,1,3,33.3
Marreese Speights,ORL,30,19,36,52.8,15,36,41.7,18,44,40.9,4,7,57.1,3,6,50,79,220,35.9
Tony Snell,MIL,26,49,79,62,10,34,29.4,18,44,40.9,20,43,46.5,25,61,41,63,164,38.4
TJ Warren,PHX,24,289,433,66.7,96,236,40.7,124,304,40.8,5,22,22.7,3,15,20,12,53,22.6
Cory Joseph,IND,26,64,115,55.7,36,81,44.4,89,218,40.8,8,22,36.4,9,25,36,50,141,35.5
Reggie Jackson,DET,28,63,115,54.8,74,154,48.1,57,140,40.7,6,13,46.2,4,12,33.3,42,140,30
Lance Stephenson,IND,27,133,219,60.7,26,69,37.7,77,189,40.7,7,21,33.3,9,25,36,51,177,28.8
Jonathon Simmons,ORL,28,161,244,66,67,173,38.7,57,140,40.7,13,38,34.2,6,19,31.6,50,145,34.5
Enes Kanter,NYK,26,308,461,66.8,86,181,47.5,28,69,40.6,0,0,0,0,0,0,0,2,0
Zach Randolph,SAC,36,139,214,65,85,190,44.7,86,212,40.6,3,11,27.3,7,11,63.6,41,124,33.1
Antonio Blakeney,CHI,21,15,27,55.6,6,22,27.3,17,42,40.5,5,10,50,2,7,28.6,8,35,22.9
Nicolas Batum,CHA,29,51,74,68.9,33,70,47.1,94,232,40.5,6,19,31.6,3,12,25,83,242,34.3
Jeremy Lamb,CHA,26,118,194,60.8,78,161,48.4,90,223,40.4,16,32,50,6,16,37.5,72,202,35.6
Brook Lopez,LAL,30,119,165,72.1,109,231,47.2,29,72,40.3,10,23,43.5,10,20,50,92,282,32.6
Donovan Mitchell,UTA,21,243,394,61.7,94,241,39,71,176,40.3,18,30,60,14,37,37.8,155,482,32.2
Taj Gibson,MIN,32,282,392,71.9,76,161,47.2,60,149,40.3,5,19,26.3,2,9,22.2,0,6,0
Kristaps Porzingis,NYK,22,87,156,55.8,82,179,45.8,131,326,40.2,4,7,57.1,3,5,60,83,212,39.2
Nick Young,GSW,33,24,35,68.6,18,37,48.6,36,90,40,20,64,31.3,17,34,50,86,227,37.9
Jordan Mickey,MIA,23,29,48,60.4,6,13,46.2,2,5,40,1,4,25,1,3,33.3,0,9,0
Johnathan Motley,DAL,23,25,37,67.6,10,22,45.5,4,10,40,0,1,0,0,0,0,1,4,25
Bruno Caboclo,SAC,22,3,5,60,1,4,25,2,5,40,1,5,20,1,2,50,1,10,10
Marcin Gortat,WAS,34,165,268,61.6,87,197,44.2,38,95,40,0,0,0,0,0,0,0,0,0
Trevor Booker,IND,30,107,168,63.7,50,112,44.6,12,30,40,1,4,25,1,5,20,6,24,25
Maxi Kleber,DAL,26,84,124,67.7,13,22,59.1,14,35,40,7,28,25,12,24,50,21,75,28
Mirza Teletovic,MIL,32,1,4,25,1,3,33.3,2,5,40,3,6,50,0,0,0,18,39,46.2
Jamel Artis,ORL,25,9,15,60,6,15,40,8,20,40,1,6,16.7,1,4,25,6,19,31.6
Gary Harris,DEN,23,178,258,69,47,108,43.5,59,148,39.9,16,50,32,19,36,52.8,121,307,39.4
Russell Westbrook,OKC,29,395,667,59.2,55,165,33.3,211,530,39.8,4,9,44.4,2,10,20,90,305,29.5
Jeff Teague,MIN,29,123,194,63.4,99,251,39.4,48,121,39.7,6,15,40,4,9,44.4,74,204,36.3
Dwight Buycks,DET,29,37,70,52.9,5,20,25,25,63,39.7,0,1,0,1,1,100,14,40,35
Thaddeus Young,IND,29,232,372,62.4,85,195,43.6,46,116,39.7,14,40,35,5,20,25,39,119,32.8
Marquese Chriss,PHX,20,113,186,60.8,14,52,26.9,19,48,39.6,9,38,23.7,5,19,26.3,42,134,31.3
Terrence Ross,ORL,27,20,28,71.4,9,28,32.1,17,43,39.5,7,11,63.6,4,9,44.4,19,70,27.1
Courtney Lee,NYK,32,88,139,63.3,48,100,48,94,238,39.5,27,55,49.1,14,33,42.4,72,190,37.9
Jaylen Brown,BOS,21,189,329,57.4,29,82,35.4,34,86,39.5,30,62,48.4,22,58,37.9,69,184,37.5
Noah Vonleh,CHI,22,57,98,58.2,12,32,37.5,15,38,39.5,0,5,0,1,1,100,19,60,31.7
Alec Burks,UTA,26,71,118,60.2,24,83,28.9,28,71,39.4,5,13,38.5,3,12,25,39,116,33.6
Tyler Ennis,LAL,23,56,103,54.4,11,32,34.4,13,33,39.4,3,6,50,3,4,75,8,44,18.2
Tyreke Evans,MEM,28,200,375,53.3,18,60,30,35,89,39.3,2,6,33.3,2,9,22.2,109,269,40.5
Carmelo Anthony,OKC,34,84,149,56.4,38,84,45.2,181,460,39.3,5,21,23.8,14,35,40,150,419,35.8
Norman Powell,TOR,25,68,121,56.2,18,39,46.2,11,28,39.3,7,44,15.9,12,22,54.5,34,120,28.3
Kevin Love,CLE,29,121,195,62.1,30,87,34.5,46,117,39.3,27,65,41.5,12,39,30.8,98,226,43.4
Rodney Hood,CLE,25,53,87,60.9,73,156,46.8,69,176,39.2,11,33,33.3,12,24,50,104,274,38
J.J. Barea,DAL,33,87,139,62.6,63,141,44.7,38,97,39.2,3,14,21.4,2,7,28.6,110,289,38.1
Garrett Temple,SAC,32,47,80,58.8,11,36,30.6,52,133,39.1,19,58,32.8,10,23,43.5,60,146,41.1
James Harden,HOU,28,281,450,62.4,55,149,36.9,50,128,39.1,8,22,36.4,10,33,30.3,247,665,37.1
Wayne Ellington,MIA,30,38,61,62.3,2,14,14.3,18,46,39.1,29,60,48.3,33,69,47.8,165,449,36.7
Willie Cauley-Stein,SAC,24,263,409,64.3,63,202,31.2,59,151,39.1,1,3,33.3,0,0,0,2,5,40
Jameer Nelson,DET,36,26,38,68.4,5,23,21.7,23,59,39,3,13,23.1,2,5,40,36,105,34.3
LeBron James,CLE,33,534,710,75.2,57,163,35,117,301,38.9,7,18,38.9,7,20,35,135,367,36.8
Patrick Patterson,OKC,29,22,39,56.4,11,38,28.9,7,18,38.9,12,32,37.5,17,42,40.5,37,97,38.1
Joe Ingles,UTA,30,92,142,64.8,20,63,31.7,19,49,38.8,36,70,51.4,38,80,47.5,130,313,41.5
Larry Nance Jr.,CLE,25,187,259,72.2,17,54,31.5,34,88,38.6,0,0,0,0,4,0,2,5,40
Jimmy Butler,MIN,28,163,258,63.2,90,168,53.6,114,295,38.6,10,25,40,10,21,47.6,50,152,32.9
Thabo Sefolosha,UTA,34,61,91,67,11,27,40.7,15,39,38.5,12,28,42.9,9,18,50,10,37,27
Tony Parker,SAS,36,88,143,61.5,25,65,38.5,55,143,38.5,8,16,50,0,12,0,2,8,25
Jarell Martin,MEM,24,120,217,55.3,17,51,33.3,50,130,38.5,11,25,44,3,18,16.7,20,53,37.7
Andrew Harrison,MEM,23,78,137,56.9,20,56,35.7,36,94,38.3,8,28,28.6,5,15,33.3,34,99,34.3
Raymond Felton,OKC,33,54,102,52.9,34,76,44.7,55,144,38.2,5,14,35.7,15,28,53.6,61,178,34.3
Tyler Johnson,MIA,26,99,155,63.9,36,88,40.9,55,144,38.2,12,34,35.3,24,62,38.7,83,227,36.6
Pau Gasol,SAS,37,140,216,64.8,43,131,32.8,61,160,38.1,6,20,30,7,19,36.8,30,81,37
Iman Shumpert,SAC,27,6,8,75,1,3,33.3,8,21,38.1,1,5,20,1,3,33.3,5,18,27.8
Terry Rozier,BOS,24,83,166,50,32,104,30.8,49,129,38,20,43,46.5,4,24,16.7,128,331,38.7
Troy Daniels,PHX,26,13,29,44.8,14,30,46.7,22,58,37.9,28,55,50.9,28,59,47.5,127,342,37.1
Jusuf Nurkic,POR,23,312,515,60.6,99,246,40.2,69,182,37.9,0,0,0,0,0,0,0,7,0
Andre Iguodala,GSW,34,83,110,75.5,10,35,28.6,22,58,37.9,0,11,0,4,12,33.3,29,91,31.9
Tyler Dorsey,ATL,22,40,78,51.3,7,39,17.9,25,66,37.9,5,18,27.8,6,13,46.2,61,165,37
Jonas Jerebko,UTA,31,68,102,66.7,15,53,28.3,11,29,37.9,20,39,51.3,17,31,54.8,28,87,32.2
Cheick Diallo,NOP,21,70,95,73.7,15,36,41.7,17,45,37.8,0,0,0,0,0,0,0,0,0
Chandler Parsons,MEM,29,27,40,67.5,13,28,46.4,17,45,37.8,4,9,44.4,7,13,53.8,40,99,40.4
Danny Green,SAS,30,59,111,53.2,12,49,24.5,31,82,37.8,16,41,39,27,55,49.1,72,223,32.3
Josh Jackson,PHX,21,203,355,57.2,63,185,34.1,66,175,37.7,9,27,33.3,6,27,22.2,42,160,26.3
Michael Kidd-Gilchrist,CHA,24,165,250,66,43,111,38.7,74,197,37.6,0,0,0,0,1,0,0,0,0
Delon Wright,TOR,26,120,202,59.4,19,61,31.1,6,16,37.5,8,17,47.1,6,17,35.3,41,115,35.7
Malik Beasley,DEN,21,28,48,58.3,8,24,33.3,9,24,37.5,2,10,20,7,20,35,19,52,36.5
Rodney McGruder,MIA,26,14,18,77.8,4,12,33.3,3,8,37.5,2,10,20,6,13,46.2,7,12,58.3
Ed Davis,POR,29,144,227,63.4,23,56,41.1,3,8,37.5,0,0,0,0,0,0,0,0,0
Brandan Wright,HOU,30,50,73,68.5,6,21,28.6,3,8,37.5,0,0,0,0,0,0,0,0,0
Dwight Powell,DAL,26,196,258,76,16,48,33.3,15,40,37.5,4,9,44.4,5,5,100,19,68,27.9
Greg Monroe,BOS,28,161,231,69.7,45,123,36.6,12,32,37.5,0,0,0,0,0,0,0,0,0
Elfrid Payton,PHX,24,202,317,63.7,67,178,37.6,30,80,37.5,5,15,33.3,4,11,36.4,21,66,31.8
Nikola Mirotic,NOP,27,97,148,65.5,28,55,50.9,46,123,37.4,17,45,37.8,11,24,45.8,107,289,37
Wesley Matthews,DAL,31,36,74,48.6,54,114,47.4,40,107,37.4,21,51,41.2,18,35,51.4,114,315,36.2
Johnny O'Bryant III,CHA,25,24,40,60,8,29,27.6,22,59,37.3,0,2,0,1,2,50,13,37,35.1
Robin Lopez,CHI,30,166,243,68.3,114,232,49.1,58,156,37.2,0,0,0,0,0,0,4,14,28.6
Davis Bertans,SAS,25,43,55,78.2,11,24,45.8,13,35,37.1,5,12,41.7,13,24,54.2,76,215,35.3
Ben McLemore,MEM,25,62,109,56.9,14,36,38.9,26,70,37.1,13,33,39.4,5,13,38.5,37,111,33.3
JaMychal Green,MEM,27,137,231,59.3,9,37,24.3,34,92,37,9,27,33.3,10,26,38.5,24,75,32
Tim Frazier,WAS,27,20,33,60.6,11,29,37.9,20,54,37,1,2,50,0,1,0,16,53,30.2
Goran Dragic,MIA,32,196,332,59,90,208,43.3,87,236,36.9,11,30,36.7,9,24,37.5,91,243,37.4
Avery Bradley,LAC,27,95,163,58.3,23,80,28.8,66,179,36.9,23,53,43.4,7,18,38.9,45,132,34.1
Royce O'Neale,UTA,25,56,108,51.9,15,39,38.5,7,19,36.8,13,31,41.9,10,26,38.5,19,58,32.8
Domantas Sabonis,IND,22,220,338,65.1,57,150,38,50,136,36.8,3,4,75,0,1,0,10,32,31.3
Kosta Koufos,SAC,29,117,169,69.2,98,201,48.8,7,19,36.8,0,0,0,0,0,0,0,0,0
Cristiano Felicio,CHI,25,105,151,69.5,11,32,34.4,11,30,36.7,0,0,0,0,0,0,0,2,0
Kent Bazemore,ATL,28,102,182,56,24,82,29.3,51,139,36.7,19,43,44.2,18,40,45,70,189,37
Michael Beasley,NYK,29,198,306,64.7,99,202,49,78,213,36.6,4,12,33.3,3,13,23.1,27,60,45
Jeff Green,CLE,31,180,269,66.9,27,83,32.5,35,96,36.5,8,28,28.6,16,43,37.2,29,91,31.9
Paul Millsap,DEN,33,73,118,61.9,63,130,48.5,27,74,36.5,8,11,72.7,3,10,30,28,91,30.8
Anthony Davis,NOP,25,441,603,73.1,137,293,46.8,147,404,36.4,4,12,33.3,2,3,66.7,49,144,34
Manu Ginobili,SAS,40,90,145,62.1,27,72,37.5,20,55,36.4,8,16,50,5,23,21.7,51,151,33.8
Marvin Williams,CHA,31,79,140,56.4,37,74,50,16,44,36.4,17,49,34.7,16,36,44.4,93,220,42.3
Ian Mahinmi,WAS,31,108,170,63.5,26,65,40,4,11,36.4,0,0,0,0,0,0,0,1,0
George Hill,CLE,32,70,103,68,39,90,43.3,43,118,36.4,14,32,43.8,18,35,51.4,52,134,38.8
Frank Mason,SAC,24,53,122,43.4,27,81,33.3,33,91,36.3,2,6,33.3,1,3,33.3,28,73,38.4
Rajon Rondo,NOP,32,128,219,58.4,32,67,47.8,21,58,36.2,6,30,20,12,35,34.3,32,85,37.6
Stanley Johnson,DET,22,85,145,58.6,19,75,25.3,39,108,36.1,7,24,29.2,16,52,30.8,44,153,28.8
John Henson,MIL,27,210,312,67.3,56,127,44.1,20,56,35.7,0,1,0,0,0,0,1,4,25
Xavier Rathan-Mayes,MEM,24,5,7,71.4,1,7,14.3,5,14,35.7,0,0,0,0,0,0,1,14,7.1
De'Aaron Fox,SAC,20,133,222,59.9,63,184,34.2,85,238,35.7,7,23,30.4,4,13,30.8,36,115,31.3
Marcus Smart,BOS,24,58,108,53.7,31,89,34.8,25,70,35.7,3,17,17.6,8,20,40,64,208,30.8
Emmanuel Mudiay,NYK,22,84,160,52.5,32,103,31.1,41,115,35.7,7,12,58.3,7,15,46.7,33,118,28
Lauri Markkanen,CHI,21,155,236,65.7,22,79,27.8,52,146,35.6,9,27,33.3,7,21,33.3,129,352,36.6
Kelly Olynyk,MIA,27,151,199,75.9,29,72,40.3,30,85,35.3,7,20,35,10,22,45.5,89,237,37.6
Glenn Robinson III,IND,24,12,20,60,4,14,28.6,6,17,35.3,4,6,66.7,7,11,63.6,3,17,17.6
Jakob Poeltl,TOR,22,221,307,72,25,58,43.1,6,17,35.3,0,0,0,1,2,50,0,0,0
Derrick Favors,UTA,26,275,374,73.5,56,123,45.5,50,142,35.2,5,26,19.2,8,29,27.6,1,7,14.3
TJ Leaf,IND,21,34,56,60.7,5,18,27.8,7,20,35,1,7,14.3,4,7,57.1,13,28,46.4
Tyrone Wallace,LAC,23,61,101,60.4,31,83,37.3,8,23,34.8,5,11,45.5,3,11,27.3,2,17,11.8
Langston Galloway,DET,26,9,16,56.3,19,40,47.5,23,66,34.8,8,25,32,10,22,45.5,57,171,33.3
Denzel Valentine,CHI,24,59,102,57.8,52,115,45.2,47,135,34.8,19,49,38.8,14,37,37.8,110,281,39.1
Dion Waiters,MIA,26,71,121,58.7,12,38,31.6,28,81,34.6,8,19,42.1,11,29,37.9,33,121,27.3
Kyle Lowry,TOR,32,116,189,61.4,20,75,26.7,29,84,34.5,19,45,42.2,14,24,58.3,205,526,39
Kyle Kuzma,LAL,22,190,322,59,76,158,48.1,43,125,34.4,17,49,34.7,16,38,42.1,126,346,36.4
Kentavious Caldwell-Pope,LAL,25,112,168,66.7,13,52,25,56,163,34.4,17,41,41.5,15,30,50,127,343,37
Justin Holiday,CHI,29,58,118,49.2,17,57,29.8,54,157,34.4,22,49,44.9,29,91,31.9,110,306,35.9
Mike Muscala,ATL,26,53,76,69.7,16,34,47.1,12,35,34.3,16,34,47.1,11,22,50,35,111,31.5
Hassan Whiteside,MIA,28,197,284,69.4,78,190,41.1,35,102,34.3,0,0,0,0,0,0,2,2,100
Allen Crabbe,BKN,26,60,84,71.4,33,85,38.8,43,126,34.1,16,34,47.1,15,45,33.3,170,449,37.9
Zaza Pachulia,GSW,34,114,178,64,21,44,47.7,14,41,34.1,0,0,0,0,0,0,0,0,0
Dwayne Bacon,CHA,22,23,38,60.5,10,28,35.7,28,83,33.7,2,9,22.2,4,10,40,5,24,20.8
Giannis Antetokounmpo,MIL,23,500,699,71.5,87,229,38,113,335,33.7,4,9,44.4,1,6,16.7,37,123,30.1
Frank Kaminsky,CHA,25,94,152,61.8,71,177,40.1,38,113,33.6,4,11,36.4,2,10,20,98,253,38.7
Frank Ntilikina,NYK,19,55,99,55.6,16,62,25.8,61,182,33.5,6,12,50,3,12,25,41,129,31.8
Dwyane Wade,MIA,36,145,225,64.4,51,134,38.1,71,212,33.5,5,19,26.3,2,6,33.3,25,86,29.1
Jodie Meeks,WAS,30,38,55,69.1,23,56,41.1,24,72,33.3,7,23,30.4,8,19,42.1,57,168,33.9
Shabazz Muhammad,MIL,25,48,83,57.8,22,57,38.6,7,21,33.3,4,8,50,0,2,0,3,17,17.6
Rudy Gobert,UTA,25,261,372,70.2,10,57,17.5,5,15,33.3,0,0,0,0,0,0,0,0,0
Eric Moreland,DET,26,51,82,62.2,13,34,38.2,2,6,33.3,0,0,0,0,0,0,0,0,0
Dwight Howard,CHA,32,393,582,67.5,70,196,35.7,42,126,33.3,0,0,0,0,0,0,1,5,20
Miles Plumlee,ATL,29,85,127,66.9,18,47,38.3,2,6,33.3,0,0,0,0,0,0,0,0,0
Jeremy Lin,BKN,29,3,6,50,0,1,0,1,3,33.3,0,0,0,0,0,0,1,2,50
Josh Huestis,OKC,26,24,54,44.4,1,5,20,3,9,33.3,6,24,25,5,18,27.8,21,72,29.2
Antonius Cleveland,ATL,24,2,5,40,0,3,0,3,9,33.3,1,1,100,0,0,0,2,3,66.7
Cameron Payne,CHI,23,28,50,56,14,44,31.8,10,30,33.3,1,2,50,2,6,33.3,32,83,38.6
Josh Magette,ATL,28,0,1,0,2,8,25,5,15,33.3,0,1,0,1,1,100,7,18,38.9
Bam Adebayo,MIA,20,146,233,62.7,17,67,25.4,11,33,33.3,0,1,0,0,0,0,0,2,0
Jake Layman,POR,24,7,11,63.6,0,7,0,3,9,33.3,1,4,25,1,1,100,2,15,13.3
DeMarcus Cousins,NOP,27,230,377,61,42,104,40.4,30,90,33.3,1,6,16.7,2,3,66.7,101,281,35.9
Joe Harris,BKN,26,123,184,66.8,23,51,45.1,9,27,33.3,10,37,27,17,46,37,123,275,44.7
Derrick White,SAS,23,3,7,42.9,3,7,42.9,2,6,33.3,0,0,0,1,1,100,7,12,58.3
Isaiah Whitehead,BKN,23,22,36,61.1,8,23,34.8,3,9,33.3,0,0,0,0,1,0,7,17,41.2
Isaiah Hicks,NYK,23,24,39,61.5,3,12,25,4,12,33.3,1,2,50,0,1,0,1,6,16.7
David Nwaba,CHI,25,148,252,58.7,33,111,29.7,3,9,33.3,3,13,23.1,4,14,28.6,11,24,45.8
Maurice Harkless,POR,25,86,145,59.3,8,22,36.4,4,12,33.3,13,26,50,9,29,31,27,63,42.9
Paul George,OKC,28,182,294,61.9,49,133,36.8,101,304,33.2,20,45,44.4,35,80,43.8,189,480,39.4
Aaron Gordon,ORL,22,186,267,69.7,22,100,22,52,157,33.1,16,45,35.6,10,26,38.5,89,270,33
Dario Saric,PHI,24,166,259,64.1,38,105,36.2,42,127,33.1,5,15,33.3,13,28,46.4,139,356,39
Dejounte Murray,SAS,21,151,273,55.3,62,156,39.7,48,146,32.9,4,15,26.7,3,7,42.9,2,12,16.7
John Collins,ATL,20,250,361,69.3,27,71,38,22,67,32.8,7,18,38.9,5,17,29.4,3,9,33.3
Arron Afflalo,ORL,32,11,20,55,9,18,50,18,55,32.7,8,22,36.4,1,8,12.5,18,39,46.2
Lance Thomas,NYK,30,31,68,45.6,5,26,19.2,16,49,32.7,22,45,48.9,4,12,33.3,24,67,35.8
Lonzo Ball,LAL,20,80,167,47.9,20,60,33.3,14,43,32.6,4,21,19,5,16,31.3,80,254,31.5
Bismack Biyombo,ORL,25,139,211,65.9,31,100,31,13,40,32.5,0,0,0,0,0,0,0,0,0
Will Barton,DEN,27,229,357,64.1,53,168,31.5,27,83,32.5,14,27,51.9,4,13,30.8,138,377,36.6
Eric Gordon,HOU,29,159,251,63.3,26,74,35.1,12,37,32.4,21,45,46.7,14,37,37.8,182,521,34.9
Jerryd Bayless,PHI,29,36,51,70.6,8,31,25.8,11,34,32.4,8,18,44.4,13,33,39.4,33,95,34.7
Rodney Purvis,ORL,24,7,13,53.8,4,8,50,11,34,32.4,3,10,30,0,5,0,10,36,27.8
Shelvin Mack,ORL,28,80,122,65.6,31,95,32.6,19,59,32.2,5,11,45.5,3,8,37.5,40,119,33.6
Dillon Brooks,MEM,22,148,236,62.7,49,120,40.8,49,152,32.2,4,21,19,15,30,50,75,206,36.4
Caris LeVert,BKN,23,160,262,61.1,49,147,33.3,26,81,32.1,7,20,35,2,14,14.3,76,211,36
Andre Drummond,DET,24,396,629,63,62,216,28.7,8,25,32,0,0,0,0,0,0,0,7,0
Julius Randle,LAL,23,401,584,68.7,71,206,34.5,22,69,31.9,2,3,66.7,0,2,0,8,38,21.1
Andrew Wiggins,MIN,23,229,339,67.6,107,245,43.7,121,380,31.8,17,41,41.5,9,22,40.9,86,273,31.5
Wes Iwundu,ORL,23,58,94,61.7,12,34,35.3,14,44,31.8,4,19,21.1,2,6,33.3,3,21,14.3
Sean Kilpatrick,CHI,28,39,72,54.2,12,37,32.4,13,41,31.7,7,27,25.9,7,16,43.8,32,99,32.3
Spencer Dinwiddie,BKN,25,120,211,56.9,39,118,33.1,24,76,31.6,0,10,0,14,33,42.4,127,389,32.6
Draymond Green,GSW,28,160,238,67.2,28,74,37.8,16,51,31.4,0,7,0,2,10,20,75,236,31.8
Alex Len,PHX,24,189,307,61.6,15,39,38.5,9,29,31,0,0,0,0,0,0,1,3,33.3
Josh Hart,LAL,23,85,131,64.9,4,18,22.2,9,29,31,14,25,56,6,15,40,58,157,36.9
Skal Labissiere,SAC,22,91,133,68.4,59,154,38.3,37,120,30.8,0,0,0,3,3,100,15,47,31.9
Dorian Finney-Smith,DAL,25,19,27,70.4,3,14,21.4,4,13,30.8,2,8,25,7,17,41.2,11,42,26.2
Timothe Luwawu-Cabarrot,PHI,23,43,85,50.6,0,11,0,4,13,30.8,8,27,29.6,9,23,39.1,36,108,33.3
Pascal Siakam,TOR,24,178,253,70.4,42,100,42,4,13,30.8,9,39,23.1,10,32,31.3,10,59,16.9
Kay Felder,DET,23,5,14,35.7,4,11,36.4,8,26,30.8,1,1,100,1,1,100,2,17,11.8
Doug McDermott,DAL,26,106,170,62.4,13,35,37.1,27,88,30.7,22,43,51.2,14,26,53.8,55,146,37.7
Dennis Smith Jr.,DAL,20,208,367,56.7,26,109,23.9,64,209,30.6,4,17,23.5,3,6,50,99,314,31.5
Blake Griffin,DET,29,217,340,63.8,59,173,34.1,49,161,30.4,10,25,40,6,12,50,95,283,33.6
Jae Crowder,UTA,27,120,192,62.5,7,26,26.9,34,112,30.4,14,52,26.9,23,46,50,73,243,30
Tyler Zeller,MIL,28,137,205,66.8,33,78,42.3,7,23,30.4,8,15,53.3,2,7,28.6,0,6,0
Wilson Chandler,DEN,31,134,219,61.2,38,98,38.8,21,69,30.4,5,18,27.8,14,44,31.8,69,183,37.7
Quincy Acy,BKN,27,21,46,45.7,0,5,0,7,23,30.4,27,60,45,10,32,31.3,65,199,32.7
Patrick McCaw,GSW,22,55,88,62.5,8,24,33.3,10,33,30.3,5,10,50,5,12,41.7,9,57,15.8
Jawun Evans,LAC,21,35,83,42.2,19,50,38,20,66,30.3,3,11,27.3,1,5,20,11,35,31.4
Amir Johnson,PHI,31,90,136,66.2,37,82,45.1,3,10,30,0,3,0,3,6,50,7,22,31.8
Boban Marjanovic,LAC,29,55,79,69.6,21,59,35.6,3,10,30,0,0,0,0,0,0,0,0,0
MarShon Brooks,MEM,29,13,25,52,13,25,52,6,20,30,0,0,0,1,2,50,18,30,60
Richaun Holmes,PHI,24,104,136,76.5,21,54,38.9,6,20,30,0,2,0,0,1,0,4,27,14.8
Jon Leuer,DET,29,10,15,66.7,2,8,25,3,10,30,0,0,0,0,2,0,0,1,0
Taurean Prince,ATL,24,148,257,57.6,54,138,39.1,37,124,29.8,24,56,42.9,28,51,54.9,124,349,35.5
PJ Tucker,HOU,33,42,74,56.8,7,30,23.3,8,27,29.6,50,117,42.7,33,89,37.1,32,104,30.8
Matthew Dellavedova,MIL,27,7,18,38.9,14,40,35,5,17,29.4,1,4,25,4,7,57.1,24,66,36.4
Zach Collins,POR,20,50,88,56.8,15,37,40.5,15,51,29.4,6,15,40,7,18,38.9,22,79,27.8
Tristan Thompson,CLE,27,109,167,65.3,18,51,35.3,5,17,29.4,0,0,0,0,0,0,0,0,0
CJ Miles,TOR,31,40,65,61.5,11,41,26.8,12,41,29.3,24,45,53.3,22,49,44.9,118,356,33.1
Isaiah Taylor,ATL,23,103,176,58.5,29,96,30.2,11,38,28.9,1,5,20,4,6,66.7,15,66,22.7
JaKarr Sampson,SAC,25,29,45,64.4,8,19,42.1,2,7,28.6,1,2,50,2,4,50,2,4,50
Isaiah Canaan,PHX,27,19,48,39.6,9,16,56.3,2,7,28.6,4,7,57.1,1,4,25,17,54,31.5
Brice Johnson,MEM,23,13,19,68.4,3,8,37.5,4,14,28.6,0,0,0,0,0,0,0,1,0
Gary Payton II,LAL,25,20,35,57.1,2,7,28.6,2,7,28.6,2,5,40,1,6,16.7,3,14,21.4
Nik Stauskas,BKN,24,15,28,53.6,1,12,8.3,4,14,28.6,5,12,41.7,2,3,66.7,33,84,39.3
Alex Caruso,LAL,24,28,40,70,5,19,26.3,4,14,28.6,0,3,0,0,2,0,13,37,35.1
Semi Ojeleye,BOS,23,17,38,44.7,4,11,36.4,4,14,28.6,8,26,30.8,15,36,41.7,17,63,27
Travis Wear,LAL,27,1,1,100,1,4,25,6,21,28.6,1,1,100,4,6,66.7,12,39,30.8
Josh Gray,PHX,24,6,16,37.5,0,5,0,2,7,28.6,0,0,0,0,0,0,3,13,23.1
Malik Monk,CHA,20,30,51,58.8,15,43,34.9,25,88,28.4,5,18,27.8,10,27,37,68,194,35.1
Robert Covington,PHI,27,107,167,64.1,16,52,30.8,19,67,28.4,11,39,28.2,13,24,54.2,179,483,37.1
John Wall,WAS,27,139,226,61.5,20,64,31.3,59,210,28.1,1,2,50,5,6,83.3,56,156,35.9
Ben Simmons,PHI,21,375,528,71,139,351,39.6,30,108,27.8,0,0,0,0,0,0,0,3,0
Mike Conley,MEM,30,26,47,55.3,9,26,34.6,5,18,27.8,1,5,20,0,3,0,23,69,33.3
Shane Larkin,BOS,25,31,60,51.7,7,19,36.8,15,54,27.8,5,9,55.6,1,4,25,25,73,34.2
Devin Harris,DEN,35,88,147,59.9,11,47,23.4,9,33,27.3,7,21,33.3,12,21,57.1,60,176,34.1
Myke Henry,MEM,25,19,35,54.3,0,5,0,3,11,27.3,3,8,37.5,7,13,53.8,9,37,24.3
Derrick Rose,MIN,29,53,82,64.6,9,30,30,12,44,27.3,1,4,25,2,7,28.6,4,18,22.2
DeMarre Carroll,BKN,31,115,194,59.3,48,136,35.3,18,67,26.9,17,49,34.7,26,55,47.3,101,284,35.6
Raul Neto,UTA,26,36,57,63.2,10,33,30.3,4,15,26.7,4,10,40,3,4,75,12,28,42.9
Jared Dudley,PHX,32,14,24,58.3,1,3,33.3,4,15,26.7,1,2,50,8,16,50,20,62,32.3
Mike James,NOP,27,51,95,53.7,28,60,46.7,18,68,26.5,4,8,50,2,3,66.7,20,86,23.3
Jarrett Allen,BKN,20,187,280,66.8,37,83,44.6,5,19,26.3,2,8,25,3,5,60,0,1,0
Zach LaVine,CHI,23,66,131,50.4,10,31,32.3,18,71,25.4,1,8,12.5,2,6,33.3,39,108,36.1
Austin Rivers,LAC,25,149,271,55,47,138,34.1,9,36,25,12,31,38.7,8,27,29.6,116,302,38.4
Timofey Mozgov,BKN,31,41,59,69.5,6,12,50,1,4,25,1,7,14.3,3,8,37.5,0,2,0
Salah Mejri,DAL,31,79,113,69.9,8,17,47.1,1,4,25,0,0,0,0,0,0,0,3,0
Markelle Fultz,PHI,20,30,50,60,10,40,25,5,20,25,0,0,0,0,0,0,0,1,0
DeAndre' Bembry,ATL,23,33,66,50,8,28,28.6,1,4,25,3,4,75,2,7,28.6,6,19,31.6
Omari Johnson,MEM,29,4,5,80,0,0,0,1,4,25,1,1,100,0,2,0,3,9,33.3
Jalen Jones,DAL,25,14,28,50,1,10,10,1,4,25,2,5,40,0,0,0,8,21,38.1
Larry Drew II,NOP,28,2,4,50,0,3,0,2,8,25,0,1,0,1,1,100,2,7,28.6
Andre Ingram,LAL,32,0,0,0,2,4,50,1,4,25,1,1,100,0,0,0,4,8,50
Troy Williams,NYK,23,35,58,60.3,3,5,60,2,8,25,2,4,50,0,3,0,9,31,29
Marcus Georges-Hunt,MIN,24,12,21,57.1,3,4,75,2,8,25,1,3,33.3,1,1,100,2,11,18.2
Danuel House,PHX,24,35,52,67.3,4,11,36.4,2,8,25,3,8,37.5,4,9,44.4,8,40,20
Caleb Swanigan,POR,21,18,34,52.9,3,10,30,2,8,25,0,1,0,0,0,0,1,7,14.3
Ante Zizic,CLE,21,37,45,82.2,11,18,61.1,1,4,25,0,0,0,0,0,0,0,0,0
Henry Ellenson,DET,21,19,28,67.9,9,38,23.7,5,20,25,4,10,40,0,3,0,16,47,34
Kelly Oubre Jr.,WAS,22,132,225,58.7,37,104,35.6,23,94,24.5,9,45,20,22,58,37.9,95,263,36.1
Montrezl Harrell,LAC,24,279,387,72.1,61,125,48.8,7,29,24.1,0,0,0,0,0,0,1,6,16.7
Luke Kornet,NYK,22,17,26,65.4,1,7,14.3,3,13,23.1,0,5,0,3,4,75,25,70,35.7
Aaron Harrison,DAL,23,5,9,55.6,2,4,50,3,13,23.1,1,9,11.1,1,5,20,7,29,24.1
Clint Capela,HOU,24,406,586,69.3,32,76,42.1,3,13,23.1,0,0,0,0,0,0,0,1,0
Justise Winslow,MIA,22,114,209,54.5,31,93,33.3,13,57,22.8,11,32,34.4,17,40,42.5,21,53,39.6
Paul Zipser,CHI,24,22,39,56.4,10,32,31.3,12,53,22.6,6,17,35.3,3,6,50,28,87,32.2
Abdel Nader,BOS,24,20,47,42.6,5,28,17.9,2,9,22.2,4,10,40,5,14,35.7,14,41,34.1
Nerlens Noel,DAL,24,39,69,56.5,14,26,53.8,2,9,22.2,0,0,0,0,0,0,0,1,0
Khem Birch,ORL,25,52,78,66.7,13,34,38.2,3,14,21.4,0,0,0,0,0,0,0,0,0
Brandon Paul,SAS,27,31,47,66,6,12,50,3,14,21.4,2,7,28.6,2,8,25,11,38,28.9
Sam Dekker,LAC,24,103,157,65.6,12,28,42.9,3,14,21.4,1,8,12.5,2,9,22.2,7,42,16.7
Willy Hernangomez,CHA,24,67,101,66.3,16,37,43.2,3,14,21.4,2,2,100,0,1,0,3,9,33.3
Kobi Simmons,MEM,20,45,68,66.2,14,35,40,10,47,21.3,4,7,57.1,0,6,0,7,23,30.4
Ron Baker,NYK,25,8,20,40,0,1,0,1,5,20,2,6,33.3,2,5,40,7,22,31.8
Damian Jones,GSW,22,10,15,66.7,0,2,0,1,5,20,0,0,0,0,0,0,0,0,0
Michael Carter-Williams,CHA,26,41,82,50,13,48,27.1,8,41,19.5,1,14,7.1,4,9,44.4,9,35,25.7
Fred VanVleet,TOR,24,107,208,51.4,12,49,24.5,5,27,18.5,19,46,41.3,16,35,45.7,73,174,42
Ivica Zubac,LAL,21,50,78,64.1,9,32,28.1,2,11,18.2,0,0,0,0,0,0,0,1,0
OG Anunoby,TOR,20,88,131,67.2,1,9,11.1,2,11,18.2,21,55,38.2,26,52,50,25,88,28.4
Alex Abrines,OKC,24,23,40,57.5,6,15,40,3,17,17.6,9,24,37.5,13,35,37.1,61,159,38.4
Jordan Crawford,NOP,29,1,2,50,2,5,40,1,6,16.7,1,1,100,0,0,0,7,13,53.8
Quincy Pondexter,CHI,30,9,18,50,1,3,33.3,1,6,16.7,1,4,25,0,2,0,2,15,13.3
Davon Reed,PHX,22,5,14,35.7,3,6,50,3,18,16.7,0,2,0,0,3,0,11,33,33.3
Tony Allen,NOP,36,37,65,56.9,2,8,25,1,6,16.7,2,2,100,1,2,50,1,7,14.3
Ekpe Udoh,UTA,31,47,71,66.2,12,42,28.6,1,6,16.7,0,0,0,0,0,0,0,0,0
Al-Farouq Aminu,POR,27,83,139,59.7,16,62,25.8,6,42,14.3,20,47,42.6,26,50,52,79,242,32.6
Damien Wilkins,IND,38,4,9,44.4,4,5,80,1,7,14.3,1,7,14.3,3,3,100,0,8,0
Derrick Walton Jr.,MIA,23,0,0,0,0,1,0,1,7,14.3,0,0,0,2,3,66.7,5,13,38.5
Jonathan Isaac,ORL,20,28,38,73.7,5,14,35.7,6,47,12.8,2,6,33.3,3,13,23.1,11,27,40.7
Nemanja Bjelica,MIN,30,70,111,63.1,23,59,39,2,18,11.1,11,24,45.8,7,23,30.4,58,136,42.6
Trevor Ariza,HOU,32,93,153,60.8,4,27,14.8,1,9,11.1,32,75,42.7,49,113,43.4,89,272,32.7
Andrew White III,ATL,24,3,9,33.3,3,5,60,1,10,10,2,4,50,2,6,33.3,14,39,35.9
Dragan Bender,PHX,20,56,96,58.3,11,43,25.6,2,23,8.7,18,44,40.9,13,39,33.3,87,239,36.4
Alex Poythress,IND,24,7,12,58.3,0,1,0,0,2,0,1,2,50,1,2,50,2,7,28.6
James Webb III,BKN,24,2,3,66.7,0,1,0,0,2,0,3,8,37.5,0,3,0,1,7,14.3
James Young,PHI,22,1,1,100,1,2,50,0,1,0,0,2,0,1,2,50,2,6,33.3
Patrick Beverley,LAC,29,17,31,54.8,7,19,36.8,0,9,0,2,9,22.2,1,2,50,21,49,42.9
Tarik Black,HOU,26,71,101,70.3,3,12,25,0,3,0,0,2,0,1,1,100,0,7,0
Marquis Teague,MEM,25,2,4,50,1,2,50,0,6,0,0,1,0,0,0,0,1,2,50
Kyle Singler,OKC,30,3,7,42.9,2,7,28.6,0,2,0,0,0,0,0,0,0,2,5,40
Marshall Plumlee,MIL,25,1,3,33.3,0,0,0,0,0,0,0,0,0,0,0,0,0,0,0
Julyan Stone,CHA,29,0,0,0,0,0,0,0,0,0,2,4,50,2,4,50,2,5,40
Derrick Williams,LAL,27,1,1,100,0,1,0,0,0,0,0,0,0,0,2,0,0,0,0
Matt Costello,SAS,24,2,4,50,0,0,0,0,0,0,0,0,0,0,0,0,0,0,0
David Stockton,UTA,26,0,0,0,0,0,0,0,0,0,0,0,0,0,0,0,2,3,66.7
Jarell Eddie,CHI,26,0,0,0,0,0,0,0,0,0,0,0,0,0,0,0,0,2,0
DeAndre Jordan,LAC,29,356,518,68.7,17,56,30.4,0,4,0,0,0,0,0,0,0,0,0,0
Anthony Brown,MIN,25,0,0,0,0,0,0,0,0,0,1,1,100,0,0,0,0,0,0
Tim Quarterman,HOU,23,0,0,0,1,1,100,0,0,0,0,0,0,0,0,0,0,2,0
Jabari Bird,BOS,23,12,16,75,0,1,0,0,2,0,0,0,0,2,2,100,1,5,20
John Holland,CLE,29,5,12,41.7,1,3,33.3,0,8,0,2,5,40,0,5,0,9,26,34.6
Erik McCree,UTA,24,0,1,0,0,0,0,0,0,0,-,-,-,0,0,0,0,1,0
Jack Cooley,SAC,27,8,15,53.3,5,9,55.6,0,3,0,0,0,0,0,0,0,0,0,0
London Perrantes,CLE,23,1,2,50,1,5,20,0,3,0,0,0,0,0,0,0,0,3,0
Tony Bradley,UTA,20,2,4,50,1,5,20,0,1,0,0,0,0,0,0,0,0,1,0
Charles Cooke,NOP,23,0,2,0,1,2,50,0,2,0,0,3,0,1,1,100,0,4,0
Jacob Wiley,BKN,23,0,1,0,0,0,0,0,1,0,1,1,100,0,1,0,0,0,0
Reggie Hearn,DET,26,0,0,0,0,0,0,0,0,0,0,0,0,1,1,100,0,1,0
Chinanu Onuaku,HOU,21,1,2,50,1,2,50,0,1,0,0,0,0,0,0,0,0,0,0
Luc Mbah a Moute,HOU,31,98,152,64.5,5,13,38.5,0,7,0,6,22,27.3,15,50,30,42,101,41.6
Lucas Nogueira,TOR,25,43,60,71.7,1,1,100,0,0,0,0,3,0,0,1,0,5,15,33.3
Luis Montero,DET,25,0,1,0,0,0,0,0,0,0,-,-,-,0,0,0,0,0,0
Milton Doyle,BKN,24,5,13,38.5,4,10,40,0,1,0,1,3,33.3,0,1,0,3,19,15.8
Georges Niang,UTA,24,1,2,50,3,5,60,0,0,0,0,0,0,0,3,0,0,1,0
Trey McKinney-Jones,IND,27,0,0,0,-,-,-,0,0,0,-,-,-,-,-,-,0,0,0
Devin Robinson,WAS,23,1,2,50,0,0,0,0,1,0,0,0,0,-,-,-,0,0,0
Monte Morris,DEN,22,3,4,75,1,1,100,0,0,0,0,0,0,0,0,0,0,1,0
Kendrick Perkins,CLE,33,0,1,0,1,1,100,0,0,0,-,-,-,-,-,-,0,0,0
Alan Williams,PHX,25,4,7,57.1,3,10,30,0,1,0,0,0,0,0,0,0,0,0,0
Luol Deng,LAL,33,1,1,100,0,1,0,0,0,0,0,0,0,-,-,-,0,0,0
Edmond Sumner,IND,22,1,1,100,0,0,0,0,0,0,0,0,0,0,0,0,0,0,0
Nate Wolters,UTA,27,0,0,0,1,5,20,0,1,0,0,0,0,-,-,-,0,0,0
Tyler Lydon,DEN,22,0,0,0,0,0,0,0,0,0,-,-,-,-,-,-,0,0,0
Naz Mitrou-Long,UTA,24,0,0,0,-,-,-,0,0,0,-,-,-,-,-,-,1,1,100
Gian Clavell,DAL,24,0,0,0,0,1,0,0,2,0,0,1,0,3,5,60,3,9,33.3
Jeff Withey,DAL,28,4,4,100,0,0,0,0,2,0,0,0,0,1,2,50,1,8,12.5
Andre Roberson,OKC,26,79,123,64.2,0,2,0,0,1,0,4,14,28.6,0,7,0,4,15,26.7
Malcolm Miller,TOR,25,5,7,71.4,0,0,0,0,0,0,3,6,50,0,1,0,5,14,35.7
Nick Collison,OKC,37,10,14,71.4,3,4,75,0,1,0,0,0,0,0,0,0,0,0,0
Udonis Haslem,MIA,37,0,0,0,2,2,100,0,5,0,0,0,0,1,3,33.3,0,5,0
Vander Blue,LAL,25,1,3,33.3,0,0,0,0,0,0,0,0,0,0,0,0,0,2,0
Daniel Hamilton,OKC,22,2,3,66.7,1,2,50,0,1,0,1,3,33.3,0,0,0,1,2,50
Scotty Hopson,DAL,28,0,1,0,0,0,0,0,0,0,0,0,0,-,-,-,0,0,0
Jeremy Evans,ATL,30,1,1,100,0,0,0,0,0,0,0,0,0,-,-,-,0,0,0
Nicolas Brussino,ATL,25,0,0,0,0,0,0,0,0,0,0,1,0,0,0,0,0,1,0
Walter Lemon Jr.,NOP,25,4,10,40,2,4,50,0,1,0,0,0,0,0,0,0,1,1,100
Mangok Mathiang,CHA,25,3,6,50,1,1,100,0,0,0,0,0,0,0,0,0,0,0,0
Derrick Jones Jr.,MIA,21,13,22,59.1,5,12,41.7,0,1,0,0,0,0,2,8,25,1,10,10
Cole Aldrich,MIN,29,2,9,22.2,3,6,50,0,0,0,0,0,0,0,0,0,0,0,0
Gordon Hayward,BOS,28,0,0,0,1,1,100,0,0,0,-,-,-,-,-,-,0,1,0
Chris Boucher,GSW,25,0,0,0,-,-,-,0,0,0,0,1,0,-,-,-,-,-,-
Demetrius Jackson,PHI,23,6,11,54.5,0,0,0,0,0,0,0,1,0,0,1,0,1,5,20
Joakim Noah,NYK,33,2,6,33.3,3,4,75,0,0,0,0,0,0,0,0,0,0,0,0
D.J. Wilson,MIL,22,5,6,83.3,2,2,100,0,3,0,1,1,100,0,0,0,1,4,25
Josh McRoberts,DAL,31,0,0,0,0,0,0,0,0,0,-,-,-,-,-,-,0,1,0
Furkan Korkmaz,PHI,20,3,3,100,0,3,0,0,5,0,0,0,0,0,2,0,5,15,33.3
Aaron Jackson,HOU,32,1,3,33.3,1,2,50,0,0,0,0,1,0,0,0,0,1,3,33.3
Kyle Collinsworth,DAL,26,21,43,48.8,13,37,35.1,0,2,0,1,3,33.3,0,3,0,3,11,27.3
Xavier Silas,BOS,30,0,0,0,0,0,0,0,1,0,0,0,0,-,-,-,0,2,0
Josh Smith,NOP,32,1,3,33.3,0,0,0,0,1,0,0,0,0,0,0,0,0,0,0
Ben Moore,IND,23,0,0,0,0,0,0,0,0,0,0,0,0,0,0,0,0,0,0
PJ Dozier,OKC,21,1,1,100,0,0,0,0,1,0,0,0,0,0,0,0,0,0,0
James Michael McAdoo,PHI,25,0,0,0,0,0,0,0,0,0,1,1,100,0,0,0,1,6,16.7
Zhou Qi,HOU,22,3,7,42.9,1,5,20,0,1,0,0,1,0,1,2,50,1,16,6.3
Mindaugas Kuzminskas,NYK,28,0,1,0,0,1,0,-,-,-,-,-,-,-,-,-,0,0,0
,,,,,,,,,,,,,,,,,,,,
PLAYER,,,,,,,,,,,,,,,,,,,,
RJ Hunter,,,,,,,,,,,,,,,,,,,,
Juancho Hernangomez,,,,,,,,,,,,,,,,,,,,
Okaro White,,,,,,,,,,,,,,,,,,,,
Justin Patton,,,,,,,,,,,,,,,,,,,,
Vincent Hunter,,,,,,,,,,,,,,,,,,,,
Jacob Pullen,,,,,,,,,,,,,,,,,,,,
Alfonzo McKinnie,,,,,,,,,,,,,,,,,,,,
Markel Brown,,,,,,,,,,,,,,,,,,,,
Matt Williams Jr.,,,,,,,,,,,,,,,,,,,,
Joel Bolomboy,,,,,,,,,,,,,,,,,,,,
Andrew Bogut,,,,,,,,,,,,,,,,,,,,
Ryan Arcidiacono,,,,,,,,,,,,,,,,,,,,
Jonathan Gibson,,,,,,,,,,,,,,,,,,,,
Torrey Craig,,,,,,,,,,,,,,,,,,,,
Tyler Cavanaugh,,,,,,,,,,,,,,,,,,,,
Darrun Hilliard,,,,,,,,,,,,,,,,,,,,
Dakari Johnson,,,,,,,,,,,,,,,,,,,,
Bobby Brown,,,,,,,,,,,,,,,,,,,,
Omer Asik,,,,,,,,,,,,,,,,,,,,
Meyers Leonard,,,,,,,,,,,,,,,,,,,,
Jamil Wilson,,,,,,,,,,,,,,,,,,,,
Terrance Ferguson,,,,,,,,,,,,,,,,,,,,
Stephen Curry,,,,,,,,,,,,,,,,,,,,
Briante Weber,,,,,,,,,,,,,,,,,,,,
Omri Casspi,,,,,,,,,,,,,,,,,,,,
Kawhi Leonard,,,,,,,,,,,,,,,,,,,,
Mike Scott,,,,,,,,,,,,,,,,,,,,
Kenneth Faried,,,,,,,,,,,,,,,,,,,,
Channing Frye,,,,,,,,,,,,,,,,,,,,
Nigel Hayes,,,,,,,,,,,,,,,,,,,,
Ryan Anderson,,,,,,,,,,,,,,,,,,,,
Chris Paul,,,,,,,,,,,,,,,,,,,,
Darius Miller,,,,,,,,,,,,,,,,,,,,
Trey Burke,,,,,,,,,,,,,,,,,,,,
Darrell Arthur,,,,,,,,,,,,,,,,,,,,
Luke Babbitt,,,,,,,,,,,,,,,,,,,,
Damion Lee,,,,,,,,,,,,,,,,,,,,
Quinn Cook,,,,,,,,,,,,,,,,,,,,
T.J. McConnell,,,,,,,,,,,,,,,,,,,,
Marcus Paige,,,,,,,,,,,,,,,,,,,,
Dante Cunningham,,,,,,,,,,,,,,,,,,,,
Corey Brewer,,,,,,,,,,,,,,,,,,,,
Lorenzo Brown,,,,,,,,,,,,,,,,,,,,
Aaron Brooks,,,,,,,,,,,,,,,,,,,,
Dante Exum,,,,,,,,,,,,,,,,,,,,
Xavier Munford,,,,,,,,,,,,,,,,,,,,
Willie Reed,,,,,,,,,,,,,,,,,,,,
Adreian Payne,,,,,,,,,,,,,,,,,,,,
Wade Baldwin IV,,,,,,,,,,,,,,,,,,,,
Rashad Vaughn,,,,,,,,,,,,,,,,,,,,
Brandon Jennings,,,,,,,,,,,,,,,,,,,,
Gorgui Dieng,,,,,,,,,,,,,,,,,,,,
Richard Jefferson,,,,,,,,,,,,,,,,,,,,
Ike Anigbogu,,,,,,,,,,,,,,,,,,,,
Kadeem Allen,,,,,,,,,,,,,,,,,,,,
Tyson Chandler,,,,,,,,,,,,,,,,,,,,
Shaquille Harrison,,,,,,,,,,,,,,,,,,,,
Solomon Hill,,,,,,,,,,,,,,,,,,,,
Joffrey Lauvergne,,,,,,,,,,,,,,,,,,,,
Alec Peters,,,,,,,,,,,,,,,,,,,,
Jahlil Okafor,,,,,,,,,,,,,,,,,,,,
Jaylen Morris,,,,,,,,,,,,,,,,,,,,
Jason Terry,,,,,,,,,,,,,,,,,,,,
Thomas Bryant,,,,,,,,,,,,,,,,,,,,
Jameel Warney,,,,,,,,,,,,,,,,,,,,
Serge Ibaka,,,,,,,,,,,,,,,,,,,,
Kyrie Irving,,,,,,,,,,,,,,,,,,,,
Kevin Durant,,,,,,,,,,,,,,,,,,,,
JJ Redick,,,,,,,,,,,,,,,,,,,,
Khris Middleton,,,,,,,,,,,,,,,,,,,,
Luke Kennard,,,,,,,,,,,,,,,,,,,,
Klay Thompson,,,,,,,,,,,,,,,,,,,,
Damyean Dotson,,,,,,,,,,,,,,,,,,,,
Reggie Bullock,,,,,,,,,,,,,,,,,,,,
Myles Turner,,,,,,,,,,,,,,,,,,,,
Bojan Bogdanovic,,,,,,,,,,,,,,,,,,,,
Damian Lillard,,,,,,,,,,,,,,,,,,,,
Nikola Jokic,,,,,,,,,,,,,,,,,,,,
Karl-Anthony Towns,,,,,,,,,,,,,,,,,,,,
Otto Porter Jr.,,,,,,,,,,,,,,,,,,,,
Yogi Ferrell,,,,,,,,,,,,,,,,,,,,
Joe Johnson,,,,,,,,,,,,,,,,,,,,
Jordan Bell,,,,,,,,,,,,,,,,,,,,
Jose Calderon,,,,,,,,,,,,,,,,,,,,
Daniel Theis,,,,,,,,,,,,,,,,,,,,
Ivan Rabb,,,,,,,,,,,,,,,,,,,,
Wayne Selden,,,,,,,,,,,,,,,,,,,,
Nene,,,,,,,,,,,,,,,,,,,,
Ian Clark,,,,,,,,,,,,,,,,,,,,
Kyle Korver,,,,,,,,,,,,,,,,,,,,
Ish Smith,,,,,,,,,,,,,,,,,,,,
Bogdan Bogdanovic,,,,,,,,,,,,,,,,,,,,
David West,,,,,,,,,,,,,,,,,,,,
D.J. Augustin,,,,,,,,,,,,,,,,,,,,
Jrue Holiday,,,,,,,,,,,,,,,,,,,,
Evan Fournier,,,,,,,,,,,,,,,,,,,,
James Ennis III,,,,,,,,,,,,,,,,,,,,
Vince Carter,,,,,,,,,,,,,,,,,,,,
Marc Gasol,,,,,,,,,,,,,,,,,,,,
Dirk Nowitzki,,,,,,,,,,,,,,,,,,,,
Marco Belinelli,,,,,,,,,,,,,,,,,,,,
Aron Baynes,,,,,,,,,,,,,,,,,,,,
Bobby Portis,,,,,,,,,,,,,,,,,,,,
Gerald Green,,,,,,,,,,,,,,,,,,,,
Dewayne Dedmon,,,,,,,,,,,,,,,,,,,,
JaVale McGee,,,,,,,,,,,,,,,,,,,,
Darren Collison,,,,,,,,,,,,,,,,,,,,
E'Twaun Moore,,,,,,,,,,,,,,,,,,,,
Kyle O'Quinn,,,,,,,,,,,,,,,,,,,,
Tim Hardaway Jr.,,,,,,,,,,,,,,,,,,,,
Cedi Osman,,,,,,,,,,,,,,,,,,,,
Mario Chalmers,,,,,,,,,,,,,,,,,,,,
Shabazz Napier,,,,,,,,,,,,,,,,,,,,
Jamal Crawford,,,,,,,,,,,,,,,,,,,,
Jerami Grant,,,,,,,,,,,,,,,,,,,,
Milos Teodosic,,,,,,,,,,,,,,,,,,,,
Bradley Beal,,,,,,,,,,,,,,,,,,,,
Dennis Schroder,,,,,,,,,,,,,,,,,,,,
Tomas Satoransky,,,,,,,,,,,,,,,,,,,,
Al Jefferson,,,,,,,,,,,,,,,,,,,,
Isaiah Thomas,,,,,,,,,,,,,,,,,,,,
Patty Mills,,,,,,,,,,,,,,,,,,,,
Jason Smith,,,,,,,,,,,,,,,,,,,,
Chris McCullough,,,,,,,,,,,,,,,,,,,,
Ramon Sessions,,,,,,,,,,,,,,,,,,,,
D'Angelo Russell,,,,,,,,,,,,,,,,,,,,
Jerian Grant,,,,,,,,,,,,,,,,,,,,
Kyle Anderson,,,,,,,,,,,,,,,,,,,,
Lou Williams,,,,,,,,,,,,,,,,,,,,
Evan Turner,,,,,,,,,,,,,,,,,,,,
Joel Embiid,,,,,,,,,,,,,,,,,,,,
Malcolm Brogdon,,,,,,,,,,,,,,,,,,,,
Jabari Parker,,,,,,,,,,,,,,,,,,,,
Shaun Livingston,,,,,,,,,,,,,,,,,,,,
Jonas Valanciunas,,,,,,,,,,,,,,,,,,,,
Mason Plumlee,,,,,,,,,,,,,,,,,,,,
Jayson Tatum,,,,,,,,,,,,,,,,,,,,
C.J. Williams,,,,,,,,,,,,,,,,,,,,
Josh Richardson,,,,,,,,,,,,,,,,,,,,
Sindarius Thornwell,,,,,,,,,,,,,,,,,,,,
Cody Zeller,,,,,,,,,,,,,,,,,,,,
Malachi Richardson,,,,,,,,,,,,,,,,,,,,
Rondae Hollis-Jefferson,,,,,,,,,,,,,,,,,,,,
Deyonta Davis,,,,,,,,,,,,,,,,,,,,
Ricky Rubio,,,,,,,,,,,,,,,,,,,,
Thon Maker,,,,,,,,,,,,,,,,,,,,
Trey Lyles,,,,,,,,,,,,,,,,,,,,
Markieff Morris,,,,,,,,,,,,,,,,,,,,
Tyus Jones,,,,,,,,,,,,,,,,,,,,
Devin Booker,,,,,,,,,,,,,,,,,,,,
Nikola Vucevic,,,,,,,,,,,,,,,,,,,,
James Johnson,,,,,,,,,,,,,,,,,,,,
Guerschon Yabusele,,,,,,,,,,,,,,,,,,,,
Marcus Morris,,,,,,,,,,,,,,,,,,,,
CJ McCollum,,,,,,,,,,,,,,,,,,,,
Sterling Brown,,,,,,,,,,,,,,,,,,,,
Kris Dunn,,,,,,,,,,,,,,,,,,,,
Justin Anderson,,,,,,,,,,,,,,,,,,,,
Jordan Clarkson,,,,,,,,,,,,,,,,,,,,
Emeka Okafor,,,,,,,,,,,,,,,,,,,,
Rudy Gay,,,,,,,,,,,,,,,,,,,,
LaMarcus Aldridge,,,,,,,,,,,,,,,,,,,,
Eric Bledsoe,,,,,,,,,,,,,,,,,,,,
DeMar DeRozan,,,,,,,,,,,,,,,,,,,,
JR Smith,,,,,,,,,,,,,,,,,,,,
Kemba Walker,,,,,,,,,,,,,,,,,,,,
Al Horford,,,,,,,,,,,,,,,,,,,,
Justin Jackson,,,,,,,,,,,,,,,,,,,,
Danilo Gallinari,,,,,,,,,,,,,,,,,,,,
Bryn Forbes,,,,,,,,,,,,,,,,,,,,
Tyler Ulis,,,,,,,,,,,,,,,,,,,,
Mario Hezonja,,,,,,,,,,,,,,,,,,,,
Georgios Papagiannis,,,,,,,,,,,,,,,,,,,,
Anthony Tolliver,,,,,,,,,,,,,,,,,,,,
Steven Adams,,,,,,,,,,,,,,,,,,,,
Victor Oladipo,,,,,,,,,,,,,,,,,,,,
Ersan Ilyasova,,,,,,,,,,,,,,,,,,,,
Jamal Murray,,,,,,,,,,,,,,,,,,,,
Buddy Hield,,,,,,,,,,,,,,,,,,,,
Tobias Harris,,,,,,,,,,,,,,,,,,,,
Treveon Graham,,,,,,,,,,,,,,,,,,,,
Jarrett Jack,,,,,,,,,,,,,,,,,,,,
Wesley Johnson,,,,,,,,,,,,,,,,,,,,
Brandon Ingram,,,,,,,,,,,,,,,,,,,,
Pat Connaughton,,,,,,,,,,,,,,,,,,,,
Harrison Barnes,,,,,,,,,,,,,,,,,,,,
Joe Young,,,,,,,,,,,,,,,,,,,,
Malcolm Delaney,,,,,,,,,,,,,,,,,,,,
DeAndre Liggins,,,,,,,,,,,,,,,,,,,,
Kevon Looney,,,,,,,,,,,,,,,,,,,,
Marreese Speights,,,,,,,,,,,,,,,,,,,,
Tony Snell,,,,,,,,,,,,,,,,,,,,
TJ Warren,,,,,,,,,,,,,,,,,,,,
Cory Joseph,,,,,,,,,,,,,,,,,,,,
Reggie Jackson,,,,,,,,,,,,,,,,,,,,
Lance Stephenson,,,,,,,,,,,,,,,,,,,,
Jonathon Simmons,,,,,,,,,,,,,,,,,,,,
Enes Kanter,,,,,,,,,,,,,,,,,,,,
Zach Randolph,,,,,,,,,,,,,,,,,,,,
Antonio Blakeney,,,,,,,,,,,,,,,,,,,,
Nicolas Batum,,,,,,,,,,,,,,,,,,,,
Jeremy Lamb,,,,,,,,,,,,,,,,,,,,
Brook Lopez,,,,,,,,,,,,,,,,,,,,
Donovan Mitchell,,,,,,,,,,,,,,,,,,,,
Taj Gibson,,,,,,,,,,,,,,,,,,,,
Kristaps Porzingis,,,,,,,,,,,,,,,,,,,,
Nick Young,,,,,,,,,,,,,,,,,,,,
Jordan Mickey,,,,,,,,,,,,,,,,,,,,
Johnathan Motley,,,,,,,,,,,,,,,,,,,,
Bruno Caboclo,,,,,,,,,,,,,,,,,,,,
Marcin Gortat,,,,,,,,,,,,,,,,,,,,
Trevor Booker,,,,,,,,,,,,,,,,,,,,
Maxi Kleber,,,,,,,,,,,,,,,,,,,,
Mirza Teletovic,,,,,,,,,,,,,,,,,,,,
Jamel Artis,,,,,,,,,,,,,,,,,,,,
Gary Harris,,,,,,,,,,,,,,,,,,,,
Russell Westbrook,,,,,,,,,,,,,,,,,,,,
Jeff Teague,,,,,,,,,,,,,,,,,,,,
Dwight Buycks,,,,,,,,,,,,,,,,,,,,
Thaddeus Young,,,,,,,,,,,,,,,,,,,,
Marquese Chriss,,,,,,,,,,,,,,,,,,,,
Terrence Ross,,,,,,,,,,,,,,,,,,,,
Courtney Lee,,,,,,,,,,,,,,,,,,,,
Jaylen Brown,,,,,,,,,,,,,,,,,,,,
Noah Vonleh,,,,,,,,,,,,,,,,,,,,
Alec Burks,,,,,,,,,,,,,,,,,,,,
Tyler Ennis,,,,,,,,,,,,,,,,,,,,
Tyreke Evans,,,,,,,,,,,,,,,,,,,,
Carmelo Anthony,,,,,,,,,,,,,,,,,,,,
Norman Powell,,,,,,,,,,,,,,,,,,,,
Kevin Love,,,,,,,,,,,,,,,,,,,,
Rodney Hood,,,,,,,,,,,,,,,,,,,,
J.J. Barea,,,,,,,,,,,,,,,,,,,,
Garrett Temple,,,,,,,,,,,,,,,,,,,,
James Harden,,,,,,,,,,,,,,,,,,,,
Wayne Ellington,,,,,,,,,,,,,,,,,,,,
Willie Cauley-Stein,,,,,,,,,,,,,,,,,,,,
Jameer Nelson,,,,,,,,,,,,,,,,,,,,
LeBron James,,,,,,,,,,,,,,,,,,,,
Patrick Patterson,,,,,,,,,,,,,,,,,,,,
Joe Ingles,,,,,,,,,,,,,,,,,,,,
Larry Nance Jr.,,,,,,,,,,,,,,,,,,,,
Jimmy Butler,,,,,,,,,,,,,,,,,,,,
Thabo Sefolosha,,,,,,,,,,,,,,,,,,,,
Tony Parker,,,,,,,,,,,,,,,,,,,,
Jarell Martin,,,,,,,,,,,,,,,,,,,,
Andrew Harrison,,,,,,,,,,,,,,,,,,,,
Raymond Felton,,,,,,,,,,,,,,,,,,,,
Tyler Johnson,,,,,,,,,,,,,,,,,,,,
Pau Gasol,,,,,,,,,,,,,,,,,,,,
Iman Shumpert,,,,,,,,,,,,,,,,,,,,
Terry Rozier,,,,,,,,,,,,,,,,,,,,
Troy Daniels,,,,,,,,,,,,,,,,,,,,
Jusuf Nurkic,,,,,,,,,,,,,,,,,,,,
Andre Iguodala,,,,,,,,,,,,,,,,,,,,
Tyler Dorsey,,,,,,,,,,,,,,,,,,,,
Jonas Jerebko,,,,,,,,,,,,,,,,,,,,
Cheick Diallo,,,,,,,,,,,,,,,,,,,,
Chandler Parsons,,,,,,,,,,,,,,,,,,,,
Danny Green,,,,,,,,,,,,,,,,,,,,
Josh Jackson,,,,,,,,,,,,,,,,,,,,
Michael Kidd-Gilchrist,,,,,,,,,,,,,,,,,,,,
Delon Wright,,,,,,,,,,,,,,,,,,,,
Malik Beasley,,,,,,,,,,,,,,,,,,,,
Rodney McGruder,,,,,,,,,,,,,,,,,,,,
Ed Davis,,,,,,,,,,,,,,,,,,,,
Brandan Wright,,,,,,,,,,,,,,,,,,,,
Dwight Powell,,,,,,,,,,,,,,,,,,,,
Greg Monroe,,,,,,,,,,,,,,,,,,,,
Elfrid Payton,,,,,,,,,,,,,,,,,,,,
Nikola Mirotic,,,,,,,,,,,,,,,,,,,,
Wesley Matthews,,,,,,,,,,,,,,,,,,,,
Johnny O'Bryant III,,,,,,,,,,,,,,,,,,,,
Robin Lopez,,,,,,,,,,,,,,,,,,,,
Davis Bertans,,,,,,,,,,,,,,,,,,,,
Ben McLemore,,,,,,,,,,,,,,,,,,,,
JaMychal Green,,,,,,,,,,,,,,,,,,,,
Tim Frazier,,,,,,,,,,,,,,,,,,,,
Goran Dragic,,,,,,,,,,,,,,,,,,,,
Avery Bradley,,,,,,,,,,,,,,,,,,,,
Royce O'Neale,,,,,,,,,,,,,,,,,,,,
Domantas Sabonis,,,,,,,,,,,,,,,,,,,,
Kosta Koufos,,,,,,,,,,,,,,,,,,,,
Cristiano Felicio,,,,,,,,,,,,,,,,,,,,
Kent Bazemore,,,,,,,,,,,,,,,,,,,,
Michael Beasley,,,,,,,,,,,,,,,,,,,,
Jeff Green,,,,,,,,,,,,,,,,,,,,
Paul Millsap,,,,,,,,,,,,,,,,,,,,
Anthony Davis,,,,,,,,,,,,,,,,,,,,
Manu Ginobili,,,,,,,,,,,,,,,,,,,,
Marvin Williams,,,,,,,,,,,,,,,,,,,,
Ian Mahinmi,,,,,,,,,,,,,,,,,,,,
George Hill,,,,,,,,,,,,,,,,,,,,
Frank Mason,,,,,,,,,,,,,,,,,,,,
Rajon Rondo,,,,,,,,,,,,,,,,,,,,
Stanley Johnson,,,,,,,,,,,,,,,,,,,,
John Henson,,,,,,,,,,,,,,,,,,,,
Xavier Rathan-Mayes,,,,,,,,,,,,,,,,,,,,
De'Aaron Fox,,,,,,,,,,,,,,,,,,,,
Marcus Smart,,,,,,,,,,,,,,,,,,,,
Emmanuel Mudiay,,,,,,,,,,,,,,,,,,,,
Lauri Markkanen,,,,,,,,,,,,,,,,,,,,
Kelly Olynyk,,,,,,,,,,,,,,,,,,,,
Glenn Robinson III,,,,,,,,,,,,,,,,,,,,
Jakob Poeltl,,,,,,,,,,,,,,,,,,,,
Derrick Favors,,,,,,,,,,,,,,,,,,,,
TJ Leaf,,,,,,,,,,,,,,,,,,,,
Tyrone Wallace,,,,,,,,,,,,,,,,,,,,
Langston Galloway,,,,,,,,,,,,,,,,,,,,
Denzel Valentine,,,,,,,,,,,,,,,,,,,,
Dion Waiters,,,,,,,,,,,,,,,,,,,,
Kyle Lowry,,,,,,,,,,,,,,,,,,,,
Kyle Kuzma,,,,,,,,,,,,,,,,,,,,
Kentavious Caldwell-Pope,,,,,,,,,,,,,,,,,,,,
Justin Holiday,,,,,,,,,,,,,,,,,,,,
Mike Muscala,,,,,,,,,,,,,,,,,,,,
Hassan Whiteside,,,,,,,,,,,,,,,,,,,,
Allen Crabbe,,,,,,,,,,,,,,,,,,,,
Zaza Pachulia,,,,,,,,,,,,,,,,,,,,
Dwayne Bacon,,,,,,,,,,,,,,,,,,,,
Giannis Antetokounmpo,,,,,,,,,,,,,,,,,,,,
Frank Kaminsky,,,,,,,,,,,,,,,,,,,,
Frank Ntilikina,,,,,,,,,,,,,,,,,,,,
Dwyane Wade,,,,,,,,,,,,,,,,,,,,
Jodie Meeks,,,,,,,,,,,,,,,,,,,,
Shabazz Muhammad,,,,,,,,,,,,,,,,,,,,
Rudy Gobert,,,,,,,,,,,,,,,,,,,,
Eric Moreland,,,,,,,,,,,,,,,,,,,,
Dwight Howard,,,,,,,,,,,,,,,,,,,,
Miles Plumlee,,,,,,,,,,,,,,,,,,,,
Jeremy Lin,,,,,,,,,,,,,,,,,,,,
Josh Huestis,,,,,,,,,,,,,,,,,,,,
Antonius Cleveland,,,,,,,,,,,,,,,,,,,,
Cameron Payne,,,,,,,,,,,,,,,,,,,,
Josh Magette,,,,,,,,,,,,,,,,,,,,
Bam Adebayo,,,,,,,,,,,,,,,,,,,,
Jake Layman,,,,,,,,,,,,,,,,,,,,
DeMarcus Cousins,,,,,,,,,,,,,,,,,,,,
Joe Harris,,,,,,,,,,,,,,,,,,,,
Derrick White,,,,,,,,,,,,,,,,,,,,
Isaiah Whitehead,,,,,,,,,,,,,,,,,,,,
Isaiah Hicks,,,,,,,,,,,,,,,,,,,,
David Nwaba,,,,,,,,,,,,,,,,,,,,
Maurice Harkless,,,,,,,,,,,,,,,,,,,,
Paul George,,,,,,,,,,,,,,,,,,,,
Aaron Gordon,,,,,,,,,,,,,,,,,,,,
Dario Saric,,,,,,,,,,,,,,,,,,,,
Dejounte Murray,,,,,,,,,,,,,,,,,,,,
John Collins,,,,,,,,,,,,,,,,,,,,
Arron Afflalo,,,,,,,,,,,,,,,,,,,,
Lance Thomas,,,,,,,,,,,,,,,,,,,,
Lonzo Ball,,,,,,,,,,,,,,,,,,,,
Bismack Biyombo,,,,,,,,,,,,,,,,,,,,
Will Barton,,,,,,,,,,,,,,,,,,,,
Eric Gordon,,,,,,,,,,,,,,,,,,,,
Jerryd Bayless,,,,,,,,,,,,,,,,,,,,
Rodney Purvis,,,,,,,,,,,,,,,,,,,,
Shelvin Mack,,,,,,,,,,,,,,,,,,,,
Dillon Brooks,,,,,,,,,,,,,,,,,,,,
Caris LeVert,,,,,,,,,,,,,,,,,,,,
Andre Drummond,,,,,,,,,,,,,,,,,,,,
Julius Randle,,,,,,,,,,,,,,,,,,,,
Andrew Wiggins,,,,,,,,,,,,,,,,,,,,
Wes Iwundu,,,,,,,,,,,,,,,,,,,,
Sean Kilpatrick,,,,,,,,,,,,,,,,,,,,
Spencer Dinwiddie,,,,,,,,,,,,,,,,,,,,
Draymond Green,,,,,,,,,,,,,,,,,,,,
Alex Len,,,,,,,,,,,,,,,,,,,,
Josh Hart,,,,,,,,,,,,,,,,,,,,
Skal Labissiere,,,,,,,,,,,,,,,,,,,,
Dorian Finney-Smith,,,,,,,,,,,,,,,,,,,,
Timothe Luwawu-Cabarrot,,,,,,,,,,,,,,,,,,,,
Pascal Siakam,,,,,,,,,,,,,,,,,,,,
Kay Felder,,,,,,,,,,,,,,,,,,,,
Doug McDermott,,,,,,,,,,,,,,,,,,,,
Dennis Smith Jr.,,,,,,,,,,,,,,,,,,,,
Blake Griffin,,,,,,,,,,,,,,,,,,,,
Jae Crowder,,,,,,,,,,,,,,,,,,,,
Tyler Zeller,,,,,,,,,,,,,,,,,,,,
Wilson Chandler,,,,,,,,,,,,,,,,,,,,
Quincy Acy,,,,,,,,,,,,,,,,,,,,
Patrick McCaw,,,,,,,,,,,,,,,,,,,,
Jawun Evans,,,,,,,,,,,,,,,,,,,,
Amir Johnson,,,,,,,,,,,,,,,,,,,,
Boban Marjanovic,,,,,,,,,,,,,,,,,,,,
MarShon Brooks,,,,,,,,,,,,,,,,,,,,
Richaun Holmes,,,,,,,,,,,,,,,,,,,,
Jon Leuer,,,,,,,,,,,,,,,,,,,,
Taurean Prince,,,,,,,,,,,,,,,,,,,,
PJ Tucker,,,,,,,,,,,,,,,,,,,,
Matthew Dellavedova,,,,,,,,,,,,,,,,,,,,
Zach Collins,,,,,,,,,,,,,,,,,,,,
Tristan Thompson,,,,,,,,,,,,,,,,,,,,
CJ Miles,,,,,,,,,,,,,,,,,,,,
Isaiah Taylor,,,,,,,,,,,,,,,,,,,,
JaKarr Sampson,,,,,,,,,,,,,,,,,,,,
Isaiah Canaan,,,,,,,,,,,,,,,,,,,,
Brice Johnson,,,,,,,,,,,,,,,,,,,,
Gary Payton II,,,,,,,,,,,,,,,,,,,,
Nik Stauskas,,,,,,,,,,,,,,,,,,,,
Alex Caruso,,,,,,,,,,,,,,,,,,,,
Semi Ojeleye,,,,,,,,,,,,,,,,,,,,
Travis Wear,,,,,,,,,,,,,,,,,,,,
Josh Gray,,,,,,,,,,,,,,,,,,,,
Malik Monk,,,,,,,,,,,,,,,,,,,,
Robert Covington,,,,,,,,,,,,,,,,,,,,
John Wall,,,,,,,,,,,,,,,,,,,,
Ben Simmons,,,,,,,,,,,,,,,,,,,,
Mike Conley,,,,,,,,,,,,,,,,,,,,
Shane Larkin,,,,,,,,,,,,,,,,,,,,
Devin Harris,,,,,,,,,,,,,,,,,,,,
Myke Henry,,,,,,,,,,,,,,,,,,,,
Derrick Rose,,,,,,,,,,,,,,,,,,,,
DeMarre Carroll,,,,,,,,,,,,,,,,,,,,
Raul Neto,,,,,,,,,,,,,,,,,,,,
Jared Dudley,,,,,,,,,,,,,,,,,,,,
Mike James,,,,,,,,,,,,,,,,,,,,
Jarrett Allen,,,,,,,,,,,,,,,,,,,,
Zach LaVine,,,,,,,,,,,,,,,,,,,,
Austin Rivers,,,,,,,,,,,,,,,,,,,,
Timofey Mozgov,,,,,,,,,,,,,,,,,,,,
Salah Mejri,,,,,,,,,,,,,,,,,,,,
Markelle Fultz,,,,,,,,,,,,,,,,,,,,
DeAndre' Bembry,,,,,,,,,,,,,,,,,,,,
Omari Johnson,,,,,,,,,,,,,,,,,,,,
Jalen Jones,,,,,,,,,,,,,,,,,,,,
Larry Drew II,,,,,,,,,,,,,,,,,,,,
Andre Ingram,,,,,,,,,,,,,,,,,,,,
Troy Williams,,,,,,,,,,,,,,,,,,,,
Marcus Georges-Hunt,,,,,,,,,,,,,,,,,,,,
Danuel House,,,,,,,,,,,,,,,,,,,,
Caleb Swanigan,,,,,,,,,,,,,,,,,,,,
Ante Zizic,,,,,,,,,,,,,,,,,,,,
Henry Ellenson,,,,,,,,,,,,,,,,,,,,
Kelly Oubre Jr.,,,,,,,,,,,,,,,,,,,,
Montrezl Harrell,,,,,,,,,,,,,,,,,,,,
Luke Kornet,,,,,,,,,,,,,,,,,,,,
Aaron Harrison,,,,,,,,,,,,,,,,,,,,
Clint Capela,,,,,,,,,,,,,,,,,,,,
Justise Winslow,,,,,,,,,,,,,,,,,,,,
Paul Zipser,,,,,,,,,,,,,,,,,,,,
Abdel Nader,,,,,,,,,,,,,,,,,,,,
Nerlens Noel,,,,,,,,,,,,,,,,,,,,
Khem Birch,,,,,,,,,,,,,,,,,,,,
Brandon Paul,,,,,,,,,,,,,,,,,,,,
Sam Dekker,,,,,,,,,,,,,,,,,,,,
Willy Hernangomez,,,,,,,,,,,,,,,,,,,,
Kobi Simmons,,,,,,,,,,,,,,,,,,,,
Ron Baker,,,,,,,,,,,,,,,,,,,,
Damian Jones,,,,,,,,,,,,,,,,,,,,
Michael Carter-Williams,,,,,,,,,,,,,,,,,,,,
Fred VanVleet,,,,,,,,,,,,,,,,,,,,
Ivica Zubac,,,,,,,,,,,,,,,,,,,,
OG Anunoby,,,,,,,,,,,,,,,,,,,,
Alex Abrines,,,,,,,,,,,,,,,,,,,,
Jordan Crawford,,,,,,,,,,,,,,,,,,,,
Quincy Pondexter,,,,,,,,,,,,,,,,,,,,
Davon Reed,,,,,,,,,,,,,,,,,,,,
Tony Allen,,,,,,,,,,,,,,,,,,,,
Ekpe Udoh,,,,,,,,,,,,,,,,,,,,
Al-Farouq Aminu,,,,,,,,,,,,,,,,,,,,
Damien Wilkins,,,,,,,,,,,,,,,,,,,,
Derrick Walton Jr.,,,,,,,,,,,,,,,,,,,,
Jonathan Isaac,,,,,,,,,,,,,,,,,,,,
Nemanja Bjelica,,,,,,,,,,,,,,,,,,,,
Trevor Ariza,,,,,,,,,,,,,,,,,,,,
Andrew White III,,,,,,,,,,,,,,,,,,,,
Dragan Bender,,,,,,,,,,,,,,,,,,,,
Alex Poythress,,,,,,,,,,,,,,,,,,,,
James Webb III,,,,,,,,,,,,,,,,,,,,
James Young,,,,,,,,,,,,,,,,,,,,
Patrick Beverley,,,,,,,,,,,,,,,,,,,,
Tarik Black,,,,,,,,,,,,,,,,,,,,
Marquis Teague,,,,,,,,,,,,,,,,,,,,
Kyle Singler,,,,,,,,,,,,,,,,,,,,
Marshall Plumlee,,,,,,,,,,,,,,,,,,,,
Julyan Stone,,,,,,,,,,,,,,,,,,,,
Derrick Williams,,,,,,,,,,,,,,,,,,,,
Matt Costello,,,,,,,,,,,,,,,,,,,,
David Stockton,,,,,,,,,,,,,,,,,,,,
Jarell Eddie,,,,,,,,,,,,,,,,,,,,
DeAndre Jordan,,,,,,,,,,,,,,,,,,,,
Anthony Brown,,,,,,,,,,,,,,,,,,,,
Tim Quarterman,,,,,,,,,,,,,,,,,,,,
Jabari Bird,,,,,,,,,,,,,,,,,,,,
John Holland,,,,,,,,,,,,,,,,,,,,
Erik McCree,,,,,,,,,,,,,,,,,,,,
Jack Cooley,,,,,,,,,,,,,,,,,,,,
London Perrantes,,,,,,,,,,,,,,,,,,,,
Tony Bradley,,,,,,,,,,,,,,,,,,,,
Charles Cooke,,,,,,,,,,,,,,,,,,,,
Jacob Wiley,,,,,,,,,,,,,,,,,,,,
Reggie Hearn,,,,,,,,,,,,,,,,,,,,
Chinanu Onuaku,,,,,,,,,,,,,,,,,,,,
Luc Mbah a Moute,,,,,,,,,,,,,,,,,,,,
Lucas Nogueira,,,,,,,,,,,,,,,,,,,,
Luis Montero,,,,,,,,,,,,,,,,,,,,
Milton Doyle,,,,,,,,,,,,,,,,,,,,
Georges Niang,,,,,,,,,,,,,,,,,,,,
Trey McKinney-Jones,,,,,,,,,,,,,,,,,,,,
Devin Robinson,,,,,,,,,,,,,,,,,,,,
Monte Morris,,,,,,,,,,,,,,,,,,,,
Kendrick Perkins,,,,,,,,,,,,,,,,,,,,
Alan Williams,,,,,,,,,,,,,,,,,,,,
Luol Deng,,,,,,,,,,,,,,,,,,,,
Edmond Sumner,,,,,,,,,,,,,,,,,,,,
Nate Wolters,,,,,,,,,,,,,,,,,,,,
Tyler Lydon,,,,,,,,,,,,,,,,,,,,
Naz Mitrou-Long,,,,,,,,,,,,,,,,,,,,
Gian Clavell,,,,,,,,,,,,,,,,,,,,
Jeff Withey,,,,,,,,,,,,,,,,,,,,
Andre Roberson,,,,,,,,,,,,,,,,,,,,
Malcolm Miller,,,,,,,,,,,,,,,,,,,,
Nick Collison,,,,,,,,,,,,,,,,,,,,
Udonis Haslem,,,,,,,,,,,,,,,,,,,,
Vander Blue,,,,,,,,,,,,,,,,,,,,
Daniel Hamilton,,,,,,,,,,,,,,,,,,,,
Scotty Hopson,,,,,,,,,,,,,,,,,,,,
Jeremy Evans,,,,,,,,,,,,,,,,,,,,
Nicolas Brussino,,,,,,,,,,,,,,,,,,,,
Walter Lemon Jr.,,,,,,,,,,,,,,,,,,,,
Mangok Mathiang,,,,,,,,,,,,,,,,,,,,
Derrick Jones Jr.,,,,,,,,,,,,,,,,,,,,
Cole Aldrich,,,,,,,,,,,,,,,,,,,,
Gordon Hayward,,,,,,,,,,,,,,,,,,,,
Chris Boucher,,,,,,,,,,,,,,,,,,,,
Demetrius Jackson,,,,,,,,,,,,,,,,,,,,
Joakim Noah,,,,,,,,,,,,,,,,,,,,
D.J. Wilson,,,,,,,,,,,,,,,,,,,,
Josh McRoberts,,,,,,,,,,,,,,,,,,,,
Furkan Korkmaz,,,,,,,,,,,,,,,,,,,,
Aaron Jackson,,,,,,,,,,,,,,,,,,,,
Kyle Collinsworth,,,,,,,,,,,,,,,,,,,,
Xavier Silas,,,,,,,,,,,,,,,,,,,,
Josh Smith,,,,,,,,,,,,,,,,,,,,
Ben Moore,,,,,,,,,,,,,,,,,,,,
PJ Dozier,,,,,,,,,,,,,,,,,,,,
James Michael McAdoo,,,,,,,,,,,,,,,,,,,,
Zhou Qi,,,,,,,,,,,,,,,,,,,,
Mindaugas Kuzminskas,,,,,,,,,,,,,,,,,,,,