Player,Team,GP,W,L,MIN,PTS,TOUCHES,"Front CT
Touches","Time Of
Poss","Avg Sec Per
Touch","Avg Drib Per
Touch","PTS Per
Touch","Elbow
Touches","Post
Ups","Paint
Touches","PTS Per
Elbow Touch","PTS Per
Post Touch","PTS Per
Paint Touch"
David Stockton,UTA,3,3,0,3.1,3.3,7,1.7,0.8,7.13,6.72,0.476,0,0,0,0,0,0
Jacob Pullen,PHI,3,2,1,2,0.7,3.3,2,0.3,6.07,6.5,0.2,0,0,0,0,0,0
Tony Parker,SAS,55,32,23,19.5,7.7,46.2,15.4,4.3,5.55,5.88,0.166,0.4,0,0.3,0.2,0,0.444
James Harden,HOU,72,59,13,35.4,30.4,83.4,25.7,8.8,6.34,5.86,0.365,0.6,1.4,1,0.25,0.485,0.606
John Wall,WAS,41,23,18,34.4,19.4,80.6,23.3,8.5,6.3,5.62,0.241,0.3,0.2,0.2,0.364,0.444,1.2
Kemba Walker,CHA,80,36,44,34.2,22.1,81.2,25.6,7.8,5.77,5.52,0.272,0.2,0,0.5,0.375,0,0.548
Tyler Ulis,PHX,71,20,51,23.4,7.8,54.2,17.7,4.6,5.14,5.38,0.144,0.4,0,0.3,0.16,0,0.389
Josh Gray,PHX,5,0,5,17.3,6.4,43.6,14.8,3.9,5.34,5.38,0.147,0.2,0,0.4,0,0,0
Russell Westbrook,OKC,78,47,31,36.4,25.3,96.1,30.6,9.2,5.72,5.33,0.263,1.2,0.9,2.1,0.696,0.58,0.675
Monte Morris,DEN,3,2,1,8.4,3.3,20.3,8,1.8,5.33,5.33,0.164,0,0,0,0,0,0
Jeff Teague,MIN,70,41,29,33,14.2,76,24.1,7.1,5.57,5.33,0.187,0.2,0.1,0.3,0.294,1.2,0.429
Damian Lillard,POR,73,44,29,36.6,26.9,82.2,30.1,7.9,5.75,5.33,0.327,0.5,0,0.8,0.615,1,0.695
Mike James,NOP,36,11,25,19.1,9.3,46.4,15.6,4.2,5.4,5.31,0.201,0.2,0,0.5,0.375,0,0.111
Reggie Jackson,DET,45,27,18,26.7,14.6,68.8,22.8,6.3,5.53,5.26,0.212,0.3,0.1,0.7,0.571,0.5,0.485
Dwight Buycks,DET,29,10,19,14.7,7.4,35.1,12.2,3.3,5.67,5.26,0.211,0.2,0,0.5,0.857,0,0.533
Jeremy Lin,BKN,1,0,1,25.2,18,50,22,4.3,5.11,5.22,0.36,1,0,1,2,0,2
J.J. Barea,DAL,69,23,46,23.2,11.6,63.6,25.7,5.5,5.22,5.21,0.183,0.4,0,0.2,0.519,0,0.5
Isaiah Canaan,PHX,20,9,11,21.1,8.6,53.1,21,4.6,5.24,5.14,0.162,0,0,0.5,0,0,0.222
Aaron Brooks,MIN,32,19,13,5.9,2.3,12.6,4.1,1.1,5.25,5.14,0.186,0,0,0.1,0,0,0
D.J. Augustin,ORL,75,23,52,23.5,10.2,52.4,21.6,4.4,4.99,5.12,0.195,0.3,0,0.5,0.731,0,0.371
Chris Paul,HOU,58,50,8,31.8,18.6,71.4,24.3,6.8,5.72,5.1,0.261,0.4,1.3,0.7,0.625,0.487,0.421
Ish Smith,DET,82,39,43,24.9,10.9,62.8,19.1,5.2,4.95,5.09,0.174,0.3,0,0.7,0.435,0,0.721
Raymond Felton,OKC,80,48,32,16.7,6.8,35.4,13.7,3.2,5.46,5.06,0.193,0.2,0,0.3,0.706,0,0.818
Larry Drew II,NOP,10,6,4,7,1.7,14.3,5.3,1.3,5.35,4.92,0.119,0,0,0.3,0,0,0
Daniel Hamilton,OKC,6,5,1,4.6,2,11.2,4,1,5.22,4.92,0.179,0.2,0,0,0,0,0
Frank Mason,SAC,52,17,35,18.9,7.9,43.7,16.2,3.9,5.29,4.89,0.182,0.4,0,0.6,0.579,0,0.5
Trey Burke,NYK,36,10,26,21.8,12.8,55.9,21,4.8,5.11,4.88,0.229,0.3,0.1,0.4,0.364,0.667,1
London Perrantes,CLE,14,8,6,4.7,0.5,8.6,3.1,0.8,5.54,4.78,0.058,0,0,0.2,0,0,0.667
Marcus Paige,CHA,5,4,1,5.6,2.4,12,5.8,1.1,5.3,4.77,0.2,0,0,0.2,0,0,0
Shelvin Mack,ORL,69,21,48,19.8,6.9,43.6,17.9,3.6,4.88,4.74,0.157,0.3,0.1,0.3,0.5,0,0.739
Ramon Sessions,WAS,28,10,18,14,4.9,32,11.7,2.7,5,4.74,0.152,0.2,0,0.3,1.167,0,0.444
Michael Carter-Williams,CHA,52,23,29,16.1,4.6,34.5,12.4,2.9,5.08,4.74,0.133,0.3,0.1,1.2,0.176,0,0.617
Markelle Fultz,PHI,14,11,3,18.1,7.1,43.6,15.3,3.7,5.02,4.7,0.164,0.5,0,1,0.571,0,1.143
Dennis Smith Jr.,DAL,69,22,47,29.7,15.2,78.6,29.2,6.5,4.96,4.7,0.193,0.5,0.3,1.1,0.459,0.444,0.709
Elfrid Payton,PHX,63,13,50,28.7,12.7,65.5,20.9,5.6,5.1,4.69,0.193,1,0.1,1.6,0.636,0.375,0.67
Malik Monk,CHA,63,26,37,13.5,6.7,23.5,10.3,1.9,4.9,4.65,0.284,0.1,0,0.3,0.4,0,1
Jarrett Jack,NYK,61,25,36,24.8,7.4,63.4,21.1,5.2,4.9,4.65,0.117,0.3,0.2,0.2,0.313,0,0.5
Tim Frazier,WAS,59,31,28,14.2,3,32.7,10,2.7,4.94,4.64,0.091,0.2,0,0.4,0.182,0,0.217
Jerian Grant,CHI,74,24,50,22.8,8.4,51.1,20,4,4.69,4.63,0.164,0.2,0.1,0.2,0,0,0.143
Shane Larkin,BOS,51,36,15,14.6,4.5,27.4,12.3,2.1,4.61,4.61,0.166,0.2,0,0.3,0.625,0,0.692
Brandon Jennings,MIL,14,8,6,14.7,5.2,36.7,11.9,2.9,4.69,4.6,0.142,0.1,0.1,0.1,0,0,0
Raul Neto,UTA,41,28,13,12.2,4.5,27.6,12.2,2.1,4.63,4.59,0.162,0.2,0,0.4,0.571,0,1
Cory Joseph,IND,82,48,34,27,7.9,51.6,22,3.8,4.37,4.52,0.153,0.5,0,0.5,0.59,0.5,0.553
Dejounte Murray,SAS,81,47,34,21.5,8.1,52.6,17.5,4.3,4.89,4.51,0.153,0.6,0,2.2,0.449,1.25,0.758
Mike Conley,MEM,12,7,5,31.1,17.1,69,34.8,5.3,4.6,4.48,0.248,0.3,0,0.4,0,0,0.6
Kyrie Irving,BOS,57,38,19,32.2,24.4,76.1,29.9,6.1,4.82,4.47,0.321,1,0.5,1.1,0.729,0.645,0.831
Isaiah Thomas,LAL,32,15,17,26.9,15.2,56.8,22.7,4.6,4.83,4.45,0.267,0.3,0,0.3,0.875,0,0.545
Josh Magette,ATL,18,3,15,12,2.6,28.5,12.2,2.1,4.43,4.38,0.09,0.1,0,0.1,0,0,0
De'Aaron Fox,SAC,73,24,49,27.7,11.6,67.8,23.4,5.3,4.65,4.37,0.17,0.4,0,0.7,0.581,0,0.692
Ricky Rubio,UTA,77,44,33,29.3,13.1,77.2,33,5.9,4.61,4.36,0.17,0.5,0,0.4,0.343,0,0.235
Andrew Harrison,MEM,56,17,39,23.7,9.5,54.4,25.1,4.3,4.77,4.36,0.175,0.5,0,0.4,0.556,1,0.143
Demetrius Jackson,PHI,15,12,3,5.3,1.1,12.7,4.6,0.9,4.39,4.32,0.084,0.1,0,0.2,0,0,0
Matthew Dellavedova,MIL,37,21,16,18.7,4.3,38.6,17,2.9,4.51,4.29,0.111,0.2,0.2,0.3,0,0,0.4
Goran Dragic,MIA,74,38,36,31.7,17.2,79.1,34.2,6.1,4.61,4.29,0.218,1,0.2,1.4,0.592,0.467,0.75
Spencer Dinwiddie,BKN,78,27,51,28.9,12.7,70.7,28.9,6,5.07,4.28,0.179,0.1,0,0.5,0.2,2,0.902
Tyus Jones,MIN,82,47,35,17.9,5.1,38.3,12.8,3.1,4.81,4.27,0.132,0.2,0,0.3,0.316,0,0.769
Isaiah Whitehead,BKN,15,2,13,10.9,5.8,20.2,9.2,1.5,4.55,4.26,0.287,0.1,0,0.3,0,0,0.5
Fred VanVleet,TOR,76,55,21,20,8.6,39.9,18.5,2.9,4.39,4.26,0.217,0.2,0,0.3,0.583,0,0.55
Tomas Satoransky,WAS,73,39,34,22.5,7.2,48.1,18.4,3.5,4.36,4.25,0.149,0.4,0.2,1.5,0.387,0.769,0.72
Shabazz Napier,POR,74,46,28,20.7,8.7,36.1,16.8,2.8,4.61,4.24,0.241,0.3,0,0.6,0.391,0,0.415
Jose Calderon,CLE,57,33,24,16,4.5,31.4,10.7,2.3,4.43,4.23,0.142,0.2,0,0.4,0.455,0,0.455
Patty Mills,SAS,82,47,35,25.7,10,47.1,25,3.1,3.99,4.21,0.212,0.3,0,0.4,0.545,0,0.706
Jordan Crawford,NOP,5,3,2,10.7,6.6,27,10.4,2,4.54,4.21,0.244,0,0.2,0.2,0,0,0
Kay Felder,DET,16,6,10,8.7,3.6,20.8,9.3,1.4,4.17,4.2,0.172,0,0,0.3,0,0,0
Darren Collison,IND,69,39,30,29.3,12.4,63,27,4.8,4.61,4.19,0.197,0.3,0,0.5,0.944,0,1
Dennis Schroder,ATL,66,21,45,30.9,19.4,87.4,36.5,7.1,4.88,4.15,0.221,0.4,0,0.5,0.444,0,0.343
Frank Ntilikina,NYK,77,27,50,22,6,48.3,20,3.6,4.48,4.14,0.124,0.3,0.2,0.5,0.3,0.133,0.605
CJ McCollum,POR,81,48,33,36.1,21.4,59,31.1,4.4,4.53,4.14,0.362,0.5,0,0.8,0.537,0,0.738
Tim Quarterman,HOU,3,2,1,4.2,1.3,8.7,3,0.7,4.77,4.12,0.154,0,0,0,0,0,0
RJ Hunter,HOU,5,3,2,9,3.8,12.8,5.8,0.9,4.45,4.11,0.297,0,0,0.4,0,0,2.5
Emmanuel Mudiay,NYK,64,29,35,19.4,8.6,45.6,17.7,3.5,4.56,4.11,0.189,0.3,0.1,0.8,1,0.889,0.653
Dion Waiters,MIA,29,15,14,30.8,14.7,56.3,31,4.4,4.66,4.1,0.261,0.7,0,0.5,0.4,0,0.571
Isaiah Taylor,ATL,67,18,49,17.4,6.6,39.5,17.7,2.9,4.39,4.09,0.168,0.3,0,0.4,0.895,0,0.655
Tyreke Evans,MEM,52,19,33,30.9,19.4,72.9,37.4,5.8,4.79,4.08,0.266,0.5,0.4,1.3,0.643,0.5,0.536
Tyler Ennis,LAL,54,22,32,12.7,4.1,28.3,10.9,2.1,4.4,4.06,0.147,0.3,0,0.4,0.75,0,0.571
D'Angelo Russell,BKN,48,16,32,25.7,15.5,66.5,29.8,5.2,4.69,4.05,0.233,0.4,0.3,0.8,0.474,0,0.825
Austin Rivers,LAC,61,30,31,33.7,15.1,68.9,33,5.2,4.52,4.03,0.219,0.6,0,1,0.649,0,0.65
Wade Baldwin IV,POR,7,4,3,11.5,5.4,18.3,8,1.4,4.52,4.02,0.297,0,0,0.3,0,0,0.5
Kadeem Allen,BOS,18,9,9,6,1.1,10.9,3.8,0.8,4.49,4.02,0.096,0,0,0.3,0,0,1
George Hill,CLE,67,28,39,27,10,54.4,23.7,4.1,4.51,4.01,0.183,0.3,0.3,0.8,0.348,0.111,0.706
Julyan Stone,CHA,23,10,13,7.6,0.8,10.5,4.3,0.7,4.25,4,0.079,0,0,0.1,0,0,0
Eric Bledsoe,MIL,74,40,34,31.4,17.7,71.8,27.4,5.5,4.6,4,0.247,0.8,0.4,1.4,0.169,0.531,0.861
Edmond Sumner,IND,1,0,1,2.2,2,4,1,0.3,4.66,4,0.5,0,0,0,0,0,0
DeMar DeRozan,TOR,80,57,23,33.9,23,63.3,38.2,4.9,4.68,3.99,0.363,1.4,1.2,1.1,0.618,0.452,0.857
Xavier Munford,MIL,6,2,4,3.5,0.5,7.3,2.8,0.6,4.82,3.98,0.068,0.2,0,0,0,0,0
Mario Chalmers,MEM,66,21,45,21.5,7.7,51.4,20.8,3.8,4.42,3.98,0.15,0.4,0,0.4,0.542,0.667,0.464
Kawhi Leonard,SAS,9,5,4,23.3,16.2,41.3,25.1,3.2,4.7,3.98,0.392,0.8,2.6,1.4,1.143,0.348,0.692
Kris Dunn,CHI,52,19,33,29.3,13.4,73.8,26.2,5.6,4.54,3.95,0.182,0.3,1,0.6,0.667,0.46,0.97
Dante Exum,UTA,14,10,4,16.8,8.1,35.4,14.1,2.6,4.45,3.93,0.23,0.4,0,0.8,0.8,0,0.545
Bobby Brown,HOU,20,17,3,5.7,2.5,12,6.5,0.9,4.41,3.91,0.209,0.1,0,0,0,0,0
Jamal Murray,DEN,81,46,35,31.7,16.7,70.8,29.6,5.2,4.36,3.84,0.236,0.6,0.1,1.6,0.556,0.333,0.782
Shaquille Harrison,PHX,23,3,20,16.7,6.6,33.4,14.3,2.4,4.22,3.81,0.198,0.1,0,0.7,0,0,0.733
Joe Young,IND,53,28,25,10.5,3.9,16.8,8.2,1.1,4.11,3.81,0.233,0.1,0,0.2,0,1,0.5
Donovan Mitchell,UTA,79,46,33,33.4,20.5,61.2,35.2,4.4,4.27,3.8,0.334,0.7,0.1,1,0.69,0,0.927
Briante Weber,MEM,18,8,10,13.1,2.8,27.2,9,1.9,4.15,3.77,0.102,0.2,0.1,0.5,0,0,0.222
Jameer Nelson,DET,50,25,25,20.3,4.9,49.7,19.7,3.5,4.21,3.76,0.099,0.1,0,0.4,0.286,0,0
T.J. McConnell,PHI,75,50,25,22.4,6.2,53.2,21.5,3.6,4.04,3.75,0.117,0.3,0,0.7,0.667,0,0.444
Jamal Crawford,MIN,80,45,35,20.7,10.3,29.4,17.9,2,4.02,3.75,0.35,0.3,0,0.2,0.652,2,0.5
Zach LaVine,CHI,24,9,15,27.3,16.7,46.1,28.7,3.3,4.34,3.73,0.362,0.3,0.2,0.8,1,0.5,1
Quinn Cook,GSW,33,21,12,22.4,9.5,49.7,24.1,3.1,3.69,3.73,0.19,0.6,0,0.8,0.476,0,0.571
Jawun Evans,LAC,48,24,24,16.2,4.8,32.2,13.2,2.1,3.96,3.73,0.149,0.2,0,0.3,0.636,0,0.5
Stephen Curry,GSW,51,41,10,32,26.4,77,31.1,5.1,3.97,3.71,0.343,1.1,0.2,1.6,0.945,0.667,0.901
Jordan Clarkson,CLE,81,40,41,23.3,13.9,41.4,20.6,3,4.41,3.7,0.335,0.6,0.1,1.1,0.711,0.5,0.833
Alex Caruso,LAL,37,16,21,15.2,3.6,29.5,10.5,2.1,4.26,3.7,0.123,0.3,0,0.6,0.333,0,0.917
Marquis Teague,MEM,3,0,3,24.6,3.7,54.3,17.3,4.1,4.47,3.69,0.067,0,0,0,0,0,0
Walter Lemon Jr.,NOP,5,4,1,7,3.4,12.6,5.8,0.9,4.22,3.68,0.27,0,0,0,0,0,0
Terry Rozier,BOS,77,51,26,26,11.5,58.2,24.7,4.1,4.18,3.68,0.197,0.5,0,0.9,0.343,2,0.429
Patrick Beverley,LAC,11,5,6,30.3,12.2,63.5,30.8,4.2,3.93,3.61,0.192,0.8,0,1.3,0.222,0,0.429
Victor Oladipo,IND,75,48,27,34,23.1,64.3,36,4.4,4.13,3.6,0.36,1.1,0,1.1,0.585,0,0.894
MarShon Brooks,MEM,7,2,5,27.5,20.1,51,31,3.9,4.63,3.6,0.395,0.6,0.3,1,1.5,0,0.571
Delon Wright,TOR,69,49,20,20.8,8,42.4,21.9,2.9,4.1,3.58,0.189,0.3,0,0.9,0.409,0,0.898
Devin Booker,PHX,54,16,38,34.5,24.9,67.2,38,4.8,4.24,3.57,0.371,1.1,1.9,1.4,0.6,0.495,0.795
Caris LeVert,BKN,69,24,45,26.1,12,50.9,28.2,3.4,4,3.53,0.235,0.4,0,1.2,0.423,0,0.6
Ben Simmons,PHI,80,51,29,33.8,15.8,95,34,7,4.45,3.53,0.166,1.3,3.2,4.6,0.613,0.197,0.764
Xavier Rathan-Mayes,MEM,5,0,5,23.6,5.8,54.8,22.6,3.8,4.14,3.52,0.106,0,0,0.6,0,0,0.333
Derrick Rose,MIN,25,15,10,16.8,8.4,29.2,11.8,2,4.04,3.51,0.286,0.3,0.1,1.2,1.25,0,1.069
Iman Shumpert,SAC,14,9,5,19.7,4.4,28.6,11.5,1.8,3.85,3.5,0.155,0.3,0,0.6,1,0,1.25
LeBron James,CLE,82,50,32,36.9,27.5,87.1,42.5,6.7,4.64,3.48,0.315,1.5,4.4,3.9,0.728,0.385,0.994
Ryan Arcidiacono,CHI,24,6,18,12.7,2,24.5,8.9,1.5,3.78,3.47,0.082,0,0,0.1,0,0,1
Yogi Ferrell,DAL,82,24,58,27.8,10.2,45.7,22,3,3.97,3.45,0.224,0.6,0,0.4,0.271,0,0.606
Derrick Walton Jr.,MIA,16,8,8,9.2,1.8,16.4,7.1,1.1,4.04,3.45,0.111,0.1,0,0.1,0,0,0
Rajon Rondo,NOP,65,41,24,26.2,8.3,69.3,25.3,4.7,4.08,3.44,0.119,0.6,0.1,1.1,0.158,0,0.377
Luis Montero,DET,2,1,1,4,0,3.5,1.5,0.3,5.06,3.43,0,0,0,0,0,0,0
Milton Doyle,BKN,10,2,8,12.5,3.4,21.2,11.9,1.4,3.89,3.36,0.16,0.3,0,0.4,0,0,0.5
Malcolm Brogdon,MIL,47,25,22,29.8,13,55.7,26.9,3.3,3.56,3.35,0.233,0.9,0.3,1.6,0.364,0.375,0.816
Kyle Lowry,TOR,78,57,21,32.2,16.2,76.3,30.9,5.1,3.98,3.34,0.213,0.3,0.1,1.1,0.385,0.333,0.53
Malcolm Delaney,ATL,53,16,37,18.7,6.3,40.2,21.5,2.7,3.99,3.32,0.157,0.2,0,0.3,0.5,0,0.571
Lance Stephenson,IND,82,48,34,22.6,9.2,36.9,22.3,2.5,4.03,3.32,0.25,0.2,0.1,0.8,0.8,0.571,0.754
Cameron Payne,CHI,25,7,18,23.3,8.8,57.6,21.2,3.8,3.98,3.32,0.154,0.2,0,0.7,0.4,0,0.722
Kobi Simmons,MEM,32,6,26,20.1,6.1,40.6,17.9,2.7,4.01,3.28,0.151,0.2,0,0.6,0.571,0,1
Nate Wolters,UTA,5,3,2,3.8,0.4,7.4,4.2,0.5,4.43,3.27,0.054,0,0,0,0,0,0
Bradley Beal,WAS,82,43,39,36.3,22.6,70.2,43,4.6,3.94,3.27,0.323,0.8,0.4,1.4,0.563,0.484,0.766
Devin Harris,DEN,71,33,38,18.9,8.4,33.7,17.9,2.1,3.68,3.23,0.248,0.7,0,0.4,0.404,0,0.714
Lorenzo Brown,TOR,14,9,5,9.9,2.3,17.4,9.1,1.1,3.85,3.2,0.131,0.1,0,0.1,1,0,0
Jrue Holiday,NOP,81,47,34,36.1,19,77.1,36.7,4.6,3.61,3.19,0.246,1.1,0.7,2.2,0.644,0.767,0.896
Lonzo Ball,LAL,52,24,28,34.2,10.2,80.8,30.1,5.2,3.82,3.18,0.126,0.7,0.2,2.1,0.514,0.182,0.5
Lou Williams,LAC,79,42,37,32.8,22.6,65.5,34.5,4.3,3.98,3.12,0.344,0.4,0,0.8,0.941,2,0.836
Marcus Smart,BOS,51,35,16,30.1,10.3,57.8,30.8,3.7,3.84,3.11,0.179,0.6,1.5,1.6,0.586,0.32,0.536
Jimmy Butler,MIN,59,37,22,36.7,22.2,63.1,40.3,4.5,4.25,3.1,0.351,1.1,2.6,3,0.667,0.422,0.989
Will Barton,DEN,81,46,35,33.1,15.7,58.5,33.3,3.8,3.89,3.09,0.268,0.5,0.1,1.4,0.667,0,1.009
Derrick White,SAS,17,7,10,8.2,3.2,13.9,6.2,0.8,3.65,3.08,0.228,0.1,0,0.5,0.5,0,0.875
Dwyane Wade,MIA,67,37,30,22.9,11.4,47.8,23,3.2,4.01,3.07,0.239,1,2,2.1,0.514,0.511,0.852
Kyle Collinsworth,DAL,32,9,23,15,3.2,24,11.7,1.5,3.66,3.01,0.132,0.4,0.5,1.3,0,0.176,0.439
Milos Teodosic,LAC,45,29,16,25.2,9.5,61.4,24.7,3.6,3.53,3,0.155,0.3,0,0.2,0.308,0,0.4
Brandon Ingram,LAL,59,27,32,33.5,16.1,56.7,34.4,3.7,3.94,2.94,0.284,1,0.9,2.3,0.579,0.415,0.881
Shaun Livingston,GSW,71,49,22,15.9,5.5,32.8,14.6,1.9,3.43,2.89,0.169,0.7,1.2,1.7,0.633,0.593,0.828
Jonathon Simmons,ORL,69,21,48,29.4,13.9,42.3,30.4,2.5,3.48,2.87,0.329,0.9,0.7,1.4,0.508,0.56,0.711
Josh Richardson,MIA,80,43,37,33.2,13,57.2,31.1,3.5,3.62,2.86,0.227,0.7,0.2,1.2,0.492,0.533,0.688
Evan Turner,POR,79,48,31,25.7,8.2,38.7,21.3,2.4,3.71,2.82,0.212,0.2,1.8,0.8,0.737,0.65,0.896
Markel Brown,HOU,4,4,0,7.9,1.3,10.8,4.5,0.6,3.2,2.72,0.116,0,0.3,0,0,0,0
Tyrone Wallace,LAC,30,17,13,28.4,9.7,44.2,21.9,2.3,3.14,2.69,0.22,0.7,0.3,1.3,0.762,0.667,0.625
Jonathan Gibson,BOS,4,2,2,10,8.5,14.3,8,0.8,3.2,2.63,0.596,0.5,0,0.3,1,0,2
Langston Galloway,DET,58,28,30,14.9,6.2,20.5,13.4,1.1,3.11,2.56,0.303,0.2,0,0.3,0.429,0,0.563
Sean Kilpatrick,CHI,52,22,30,12.3,6.3,17.9,11.8,0.9,3.09,2.53,0.354,0.3,0,0.3,0.625,0,0.692
Erik McCree,UTA,4,4,0,1.9,0,2.5,1.3,0.2,3.84,2.5,0,0,0,0,0,0,0
Alec Burks,UTA,64,37,27,16.5,7.7,25.9,17.1,1.3,3,2.5,0.298,0.4,0,0.5,0.87,0,1.182
Ian Clark,NOP,74,43,31,19.7,7.4,26.4,16.1,1.3,2.99,2.49,0.282,0.3,0,0.6,0.8,0,0.822
Eric Gordon,HOU,69,55,14,31.2,18,40.2,25.3,2,2.95,2.46,0.448,0.3,0.1,0.7,0.55,0.5,0.844
DeAndre' Bembry,ATL,25,8,17,18.2,5.4,29.9,18.6,1.5,3.08,2.43,0.182,0.3,0.1,1,0.714,0,0.654
Kevin Durant,GSW,68,49,19,34.2,26.4,67.9,39.1,3.9,3.45,2.42,0.388,1.7,4.3,1.7,0.649,0.534,1.19
Jeremy Lamb,CHA,80,36,44,24.6,12.9,36,26.5,2,3.38,2.42,0.358,0.7,0.1,1,0.943,0.5,0.91
Ron Baker,NYK,28,11,17,13.1,2.1,19.2,12.2,0.9,2.95,2.41,0.112,0.1,0,0.4,0.5,0,1
Gary Payton II,LAL,23,10,13,9.6,3,14.9,6.9,0.7,2.86,2.38,0.201,0.3,0,1.5,0,0,0.824
Manu Ginobili,SAS,65,39,26,20,8.9,33.6,24.1,1.8,3.25,2.37,0.264,0.3,0.1,0.6,0.118,0,0.707
Reggie Hearn,DET,3,3,0,2.2,1,1,1,0.1,3.88,2.33,1,0,0,0,0,0,0
Nik Stauskas,BKN,41,14,27,12.8,4.4,19.1,12.4,1,3,2.33,0.231,0.1,0,0.1,0,0,0.333
Giannis Antetokounmpo,MIL,74,39,35,36.7,26.8,85.7,45.2,4.8,3.33,2.32,0.313,4.7,3.9,5.3,0.489,0.418,1.064
Bogdan Bogdanovic,SAC,78,26,52,27.9,11.8,48.8,33.4,2.5,3.13,2.31,0.241,0.7,0.3,1,0.509,0.583,0.654
Royce O'Neale,UTA,69,43,26,16.7,5,22.1,14.4,1,2.81,2.3,0.225,0.3,0,0.6,0.429,0,0.526
Garrett Temple,SAC,65,23,42,24.8,8.4,38.2,25.1,1.9,2.99,2.3,0.22,0.4,0,0.8,0.652,0,0.54
Paul George,OKC,78,47,31,36.6,22,56.7,37.7,2.8,2.99,2.28,0.388,0.9,1,1.7,0.486,0.403,0.699
Tyler Johnson,MIA,71,38,33,28.5,11.6,42.1,27.6,2,2.87,2.27,0.275,0.5,0,0.7,0.486,0,0.585
Rodney Hood,CLE,60,29,31,26.9,14.7,37.8,27.8,1.9,3.03,2.26,0.389,0.5,0.2,0.7,0.844,0.917,0.568
Wayne Selden,MEM,35,10,25,19.8,9.3,29.1,23.1,1.5,3.03,2.24,0.32,0.3,0,0.5,0.5,0,0.632
Tyler Dorsey,ATL,56,15,41,17.4,7.2,26.8,19.4,1.3,2.92,2.23,0.27,0.3,0,0.5,0.471,0,0.643
Norman Powell,TOR,70,51,19,15.2,5.5,21,14.6,0.9,2.71,2.22,0.262,0.2,0,0.3,0.733,0,0.611
Justise Winslow,MIA,67,32,35,24.7,7.7,47,19.2,2.4,3.01,2.21,0.163,0.7,0.6,2,0.522,0.216,0.559
PJ Dozier,OKC,2,1,1,1.6,1,2.5,1.5,0.1,2.68,2.2,0.4,0,0,0,0,0,0
Antonio Blakeney,CHI,19,3,16,16.5,7.9,18.4,14.8,0.8,2.73,2.2,0.431,0.2,0,0.4,0,0,1.143
James Johnson,MIA,72,36,36,26.6,10.7,53.2,25.3,2.6,2.89,2.13,0.201,1.4,1.5,1.7,0.427,0.349,0.902
Khris Middleton,MIL,81,44,37,36.4,20.2,64.5,36.9,3.1,2.91,2.11,0.313,1.4,1.5,1,0.412,0.624,0.8
Buddy Hield,SAC,80,27,53,25.3,13.5,38.6,27.2,1.8,2.74,2.09,0.35,0.5,0,0.8,0.561,1,0.828
Stanley Johnson,DET,69,33,36,27.4,8.7,28.4,20.6,1.4,2.94,2.07,0.305,0.3,0.4,0.8,0.45,0.4,0.769
Denzel Valentine,CHI,77,26,51,27.2,10.2,40,29.5,1.9,2.79,2.07,0.254,0.5,0,0.8,0.514,1,0.542
Marcus Georges-Hunt,MIN,42,24,18,5.3,1.4,4.1,3,0.2,3.01,2.04,0.339,0.1,0,0.1,0.667,0,0.4
Patrick McCaw,GSW,57,41,16,16.9,4,26.2,14.5,1.2,2.82,2.03,0.153,0.3,0,0.9,0.889,0,0.717
David Nwaba,CHI,70,26,44,23.5,7.9,23.5,16.4,1,2.57,2.02,0.337,0.7,0.4,2.3,0.481,0.714,0.925
Andre Iguodala,GSW,64,46,18,25.4,6,44.3,23.4,2.3,3.05,2.01,0.135,1.2,1,1.8,0.284,0.266,0.707
Gary Harris,DEN,67,37,30,34.4,17.5,42.2,33.7,1.7,2.47,1.99,0.413,0.6,0.1,1.2,0.923,0,0.75
Joe Ingles,UTA,82,48,34,31.4,11.5,51.6,37,2.5,2.92,1.97,0.222,1.2,0,0.5,0.158,0,0.707
Damion Lee,ATL,15,4,11,27,10.7,41,25.3,1.9,2.77,1.96,0.262,0.6,0,1.3,0.667,0,0.789
Blake Griffin,DET,58,28,30,34,21.4,86.3,51,4,2.81,1.95,0.248,3.9,6.4,3.2,0.384,0.436,0.76
Andrew Wiggins,MIN,82,47,35,36.3,17.7,42.5,31.7,2.1,2.9,1.95,0.416,0.5,2.5,2.3,0.636,0.665,1.122
Courtney Lee,NYK,75,26,49,30.4,11.9,38.5,29.3,1.8,2.78,1.91,0.309,0.9,0,0.9,0.515,2,0.8
Josh Jackson,PHX,77,19,58,25.4,13.1,37.5,25.3,1.6,2.59,1.89,0.35,0.7,0.2,2.2,0.547,0.438,0.964
Jamel Artis,ORL,15,4,11,18.6,5.1,24.3,15.2,1.1,2.61,1.89,0.211,0.5,0.3,0.5,0.857,0,1.286
Darrun Hilliard,SAS,14,8,6,6.8,1.1,9.7,6.5,0.5,2.79,1.89,0.118,0.1,0,0.1,0,0,0
Rodney Purvis,ORL,16,5,11,18.1,6,21.3,15.3,0.9,2.49,1.85,0.282,0.4,0,0.3,0,0,0
Anthony Brown,MIN,1,0,1,3.7,3,5,2,0.2,2.32,1.8,0.6,0,0,0,0,0,0
Vander Blue,LAL,5,1,4,9,0.6,5.6,4.2,0.3,2.75,1.79,0.107,0,0,0,0,0,0
Evan Fournier,ORL,57,20,37,32.2,17.8,41.7,32.9,1.8,2.53,1.79,0.426,0.8,0.1,1.2,0.864,0.286,1.014
Gerald Green,HOU,41,33,8,22.7,12.1,29.1,16.4,1.3,2.63,1.77,0.417,0.3,0.1,0.5,0.545,2,0.636
Dwayne Bacon,CHA,53,25,28,13.5,3.3,14,9.9,0.6,2.68,1.77,0.236,0.1,0,0,0.667,0,0
DeAndre Liggins,NOP,57,34,23,12.4,1.8,12.3,8.5,0.5,2.47,1.75,0.144,0.1,0,0.2,0,3,0.889
JR Smith,CLE,80,49,31,28.1,8.3,31.7,20.2,1.3,2.42,1.74,0.261,0.3,0,0.6,0.583,0.667,0.362
Bryn Forbes,SAS,80,46,34,19,6.9,21.5,16.4,0.8,2.33,1.74,0.322,0.3,0,0.2,0.333,0,0.692
Matt Williams Jr.,MIA,3,1,2,3.8,1.7,3.7,3,0.1,2.23,1.73,0.455,0,0,0,0,0,0
Kent Bazemore,ATL,64,19,45,27.5,12.8,52.9,35.4,2.3,2.59,1.72,0.241,0.6,0,0.7,0.541,0,0.956
Scotty Hopson,DAL,1,0,1,8.4,1,7,2,0.3,2.18,1.71,0.143,0,0,0,0,0,0
Luke Kennard,DET,73,34,39,20,7.6,22.9,18.9,1,2.61,1.7,0.334,0.7,0,0.6,0.694,0,0.535
John Holland,CLE,24,17,7,7.3,2.3,8.4,5.2,0.3,2.37,1.7,0.267,0.3,0.1,0.3,0.667,0,0.571
Charles Cooke,NOP,13,8,5,2.9,0.5,3.3,2.2,0.1,2.61,1.7,0.14,0,0,0,0,0,0
Jaylen Morris,ATL,6,2,4,16.4,4.7,17.5,9.3,0.7,2.32,1.67,0.267,0,0,0.7,0,0,1.5
Kentavious Caldwell-Pope,LAL,74,31,43,33.2,13.4,42.6,24.1,1.7,2.33,1.65,0.315,0.6,0,1.3,0.561,0,0.811
Aaron Gordon,ORL,58,19,39,32.9,17.6,59.9,31.8,2.4,2.44,1.65,0.294,1.8,2.3,3.9,0.68,0.458,0.974
Joe Johnson,HOU,55,35,20,21.9,6.8,33.9,19.8,1.5,2.58,1.64,0.199,0.5,2.5,0.4,0.481,0.547,0.609
Taurean Prince,ATL,81,24,57,30,14.1,48,32.9,2.1,2.62,1.63,0.294,0.3,0.1,0.8,0.5,0.4,0.902
Jarell Eddie,CHI,3,1,2,2.9,0,2.7,1.7,0.1,2.31,1.63,0,0,0,0,0,0,0
Aaron Harrison,DAL,9,2,7,25.9,6.7,29.2,17.7,1.1,2.35,1.63,0.228,1,0,0.3,0,0,1.333
Jerryd Bayless,PHI,38,21,17,23.9,8,30.1,22.2,1.2,2.41,1.62,0.266,0.4,0,1,0.643,0,1.105
E'Twaun Moore,NOP,82,48,34,31.5,12.5,39,27.6,1.5,2.24,1.62,0.319,1.1,0.2,1.9,0.681,0.647,1.032
Josh Hart,LAL,63,27,36,23.2,7.9,24.4,15.2,1,2.37,1.6,0.323,0.4,0.1,1,0.778,0,0.631
Kyle Anderson,SAS,74,41,33,26.7,7.9,40.5,24.6,1.8,2.64,1.58,0.195,0.8,0.4,2.4,0.542,0.406,0.943
Jayson Tatum,BOS,77,50,27,30.7,13.9,42.7,27.3,1.8,2.53,1.58,0.325,0.6,0.9,1.4,0.614,0.515,0.963
Wes Iwundu,ORL,62,18,44,16.5,3.7,18.3,11.3,0.7,2.45,1.57,0.202,0.3,0,1,0.8,0,0.852
Xavier Silas,BOS,2,1,1,3.7,0,4.5,3.5,0.2,2.22,1.56,0,0.5,0,0.5,0,0,0
Michael Kidd-Gilchrist,CHA,74,34,40,25,9.2,23.7,15.9,0.9,2.19,1.56,0.389,0.9,0.5,2.1,0.631,0.743,0.837
Jaylen Brown,BOS,67,44,23,30.6,14.3,38.9,26.5,1.6,2.39,1.56,0.369,0.5,1.2,2.6,0.688,0.573,0.784
Justin Holiday,CHI,72,24,48,31.5,12.2,34.4,26.1,1.2,2.13,1.55,0.353,0.5,0,1,0.568,0,0.873
Jeff Green,CLE,78,47,31,23.4,10.8,33.1,18.1,1.4,2.55,1.54,0.327,0.9,1.3,2.3,0.535,0.615,1.006
Georges Niang,UTA,9,9,0,3.5,1,5.2,3.4,0.2,2.69,1.53,0.191,0.1,0.2,0.7,0,1,0.333
Chandler Parsons,MEM,36,12,24,19.2,7.9,30.3,22.3,1.3,2.56,1.51,0.26,0.4,0.3,0.5,0.429,0.182,0.889
Davon Reed,PHX,21,2,19,11.5,3,15.9,9.9,0.6,2.29,1.5,0.189,0.3,0,0.3,0.667,0,0.5
Nicolas Batum,CHA,64,27,37,31,11.6,53.9,39.5,2.3,2.51,1.47,0.214,0.9,1.8,1.3,0.661,0.416,0.837
DeMarre Carroll,BKN,71,24,47,29.9,13.7,51.3,31.6,2.1,2.48,1.47,0.267,0.4,0.2,1.8,0.615,0,0.651
TJ Warren,PHX,65,18,47,33,19.6,45.1,34.3,1.7,2.31,1.46,0.434,3.2,1.8,4.6,0.74,0.686,1.054
Sindarius Thornwell,LAC,73,36,37,15.8,3.9,17.7,11.2,0.6,2.16,1.46,0.219,0.2,0,0.8,0.4,0,0.661
Cedi Osman,CLE,61,35,26,11,3.9,14.7,7.7,0.6,2.25,1.46,0.266,0.1,0,0.5,0.5,0,0.727
Abdel Nader,BOS,47,32,15,11.1,3.1,13.3,9.9,0.5,2.32,1.46,0.233,0.1,0.1,0.5,0,1,0.455
Tim Hardaway Jr.,NYK,57,19,38,33.1,17.5,53.9,39.9,2.2,2.49,1.45,0.324,1.1,0,1.2,0.823,0,1.086
Solomon Hill,NOP,12,8,4,15.6,2.4,20.6,10.3,0.8,2.21,1.45,0.117,0.5,0.1,1.3,0,0,0.313
Kyle Singler,OKC,11,5,6,3.3,1.3,4.8,3.6,0.1,1.85,1.45,0.264,0.2,0,0.5,2,0,1.2
Terrence Ross,ORL,24,10,14,25,8.7,29.8,21.1,1.1,2.22,1.44,0.292,0.5,0.1,0.4,0.308,0,1.1
Jabari Bird,BOS,13,8,5,8.8,3,8.4,5.8,0.3,2.19,1.43,0.358,0.2,0,0.8,0.667,0,1.091
Wesley Matthews,DAL,63,20,43,33.8,12.7,46.8,34.5,1.8,2.28,1.41,0.272,1.4,2.5,1.2,0.124,0.346,0.513
Harrison Barnes,DAL,77,24,53,34.2,18.9,59.2,36.3,2.5,2.49,1.41,0.318,1.2,4.5,1.7,0.684,0.501,0.896
Rudy Gay,SAS,57,36,21,21.6,11.5,40.1,21.9,1.6,2.44,1.39,0.287,1.6,3.1,2.3,0.404,0.701,0.955
Rashad Vaughn,ORL,28,13,15,7.6,2.3,7.8,5.7,0.3,2.02,1.39,0.295,0.1,0,0.1,2,0,0.75
Dillon Brooks,MEM,82,22,60,28.7,11,38.9,30,1.5,2.39,1.39,0.282,0.9,0.1,1.5,0.31,0.6,0.653
Klay Thompson,GSW,73,55,18,34.3,20,47.7,36.5,1.7,2.13,1.38,0.42,1.6,1.1,2.1,0.843,0.7,0.815
Furkan Korkmaz,PHI,14,11,3,5.7,1.6,6.6,4.7,0.2,2.06,1.38,0.25,0.1,0,0.1,0,0,2
Damien Wilkins,IND,19,10,9,8,1.7,10.2,7.9,0.4,2.49,1.36,0.171,0.2,0.2,0.4,0,0.5,0
Julius Randle,LAL,82,35,47,26.7,16.1,51.1,29.4,2.2,2.61,1.35,0.316,3.1,4.6,5.5,0.563,0.467,0.978
Shabazz Muhammad,MIL,43,25,18,9.7,5,10.6,8.4,0.4,2.19,1.33,0.468,0.5,1.1,1.5,1.045,0.66,0.922
Avery Bradley,LAC,46,22,24,31.2,14.3,40.3,34.8,1.4,2.08,1.33,0.354,1.2,0,1.4,0.434,2,0.848
Tony Allen,NOP,22,12,10,12.4,4.7,14.3,8.5,0.5,2.09,1.32,0.327,0.5,0.2,2.2,0.909,0.5,0.729
Pat Connaughton,POR,82,49,33,18.1,5.4,21.5,15.8,0.8,2.24,1.3,0.25,0.3,0,0.9,0.619,0,0.703
Jodie Meeks,WAS,77,41,36,14.5,6.3,19.3,14.9,0.6,1.82,1.3,0.327,0.3,0,0.2,0.385,0,1.059
Paul Millsap,DEN,38,22,16,30.1,14.6,48.8,33,1.9,2.34,1.29,0.299,1.2,4.4,3.1,0.591,0.581,0.828
Mario Hezonja,ORL,75,21,54,22.1,9.6,35.5,21.1,1.4,2.39,1.29,0.271,0.7,0.2,1.1,0.571,0.308,0.975
Malik Beasley,DEN,62,34,28,9.4,3.2,9.4,6.7,0.3,2.01,1.29,0.337,0.2,0,0.4,0.545,0,1
DeMarcus Cousins,NOP,48,27,21,36.2,25.2,89.4,57,3.9,2.59,1.29,0.282,4,7.5,5,0.258,0.445,0.938
Danilo Gallinari,LAC,21,11,10,32,15.3,51.5,32.1,2.2,2.55,1.29,0.297,1,2.3,2,0.8,0.458,0.81
Wilson Chandler,DEN,74,41,33,31.7,10,38.4,27,1.5,2.38,1.28,0.26,0.5,1.4,3.3,0.286,0.413,0.653
Draymond Green,GSW,70,48,22,32.7,11,78.2,39.5,2.9,2.22,1.28,0.141,2.2,4.3,3.7,0.404,0.151,0.703
Vincent Hunter,MEM,4,0,4,1.8,1.5,2.8,2,0.1,1.91,1.27,0.545,0.3,0.5,0.8,2,1,0.667
Richard Jefferson,DEN,20,10,10,8.2,1.5,9,6.3,0.3,2.33,1.26,0.168,0.1,0,0.8,0,0,0.6
Kelly Oubre Jr.,WAS,81,43,38,27.5,11.8,34.3,24.6,1.2,2.13,1.26,0.343,0.6,0,1.3,0.771,0,0.945
Damyean Dotson,NYK,44,11,33,10.8,4.1,13.8,10.6,0.5,2.03,1.26,0.299,0.2,0,0.5,0.4,0,1
Corey Brewer,OKC,72,32,40,16.8,5.3,16.2,10.2,0.5,1.98,1.26,0.325,0.4,0,1.1,0.519,0,0.671
Nicolas Brussino,ATL,4,0,4,2.5,0,2,1.3,0.1,2.09,1.25,0,0,0,0.3,0,0,0
Justin Patton,MIN,1,0,1,3.7,2,4,2,0.2,2.63,1.25,0.5,0,1,1,0,2,2
Jalen Jones,DAL,16,3,13,11.3,4.6,15.4,9.1,0.6,2.15,1.25,0.301,0.3,0.1,0.9,0.6,0,1
Nick Young,GSW,80,56,24,17.4,7.3,19.5,14.4,0.7,2.03,1.23,0.372,0.3,0.1,0.4,0.87,0.333,1.065
Jabari Parker,MIL,31,16,15,24,12.6,45.4,27.1,1.5,2.01,1.23,0.278,1.7,1.1,3,0.463,0.412,0.624
Myke Henry,MEM,20,3,17,18.9,5.4,26.5,20.1,0.9,2.09,1.21,0.202,0.6,0.1,1.1,0.583,0,0.952
Marco Belinelli,PHI,79,39,40,24.3,12.2,38,30.9,1.3,2.12,1.21,0.322,0.7,0,1.1,0.732,0,1.083
C.J. Williams,LAC,38,17,21,18.6,5.5,20.6,14.7,0.7,2.03,1.21,0.267,0.1,0,0.7,0.8,0,1.04
Rondae Hollis-Jefferson,BKN,66,25,41,28,13.8,59.8,34.1,2.1,2.07,1.2,0.231,2.3,4.2,4.2,0.572,0.535,0.7
Kyle Kuzma,LAL,77,34,43,31.2,16.1,48.1,27.2,1.8,2.19,1.19,0.335,1.3,1.6,2.4,0.515,0.508,0.941
James Ennis III,DET,72,25,47,22.3,7.1,21.7,16.8,0.8,2.18,1.19,0.328,0.6,0.1,1.8,1,0.4,0.876
Gian Clavell,DAL,7,0,7,9.1,2.9,9.9,7.1,0.3,1.92,1.19,0.29,0.3,0,0.3,0,0,0
Antonius Cleveland,ATL,17,7,10,7.2,1.4,5.9,4.3,0.2,1.91,1.19,0.23,0.1,0,0.5,0,0,0.5
Tobias Harris,LAC,80,39,41,33.3,18.6,70.2,37.9,2.5,2.12,1.18,0.265,0.9,1.7,1.6,0.735,0.752,0.721
Bojan Bogdanovic,IND,80,47,33,30.8,14.3,36.1,29.3,1.3,2.09,1.18,0.395,0.9,0.3,0.9,0.87,0.462,1.133
Sterling Brown,MIL,54,26,28,14.4,4,16,9.9,0.5,1.88,1.17,0.251,0.3,0,0.5,0.471,0,0.577
Danuel House,PHX,23,6,17,17.5,6.6,21,14.7,0.7,2.13,1.17,0.315,0.5,0.1,1,0.636,0,1.042
Paul Zipser,CHI,54,17,37,15.3,4,28.8,15.9,1,1.99,1.14,0.14,0.3,0.1,0.6,0.143,1,0.6
Danny Green,SAS,70,40,30,25.6,8.6,38.6,26,1.3,2.07,1.14,0.222,0.5,0,0.9,0.5,0,0.656
Alex Abrines,OKC,73,42,31,15.1,4.8,15,9.5,0.5,1.93,1.14,0.318,0.2,0,0.4,0.667,0,0.667
Otto Porter Jr.,WAS,77,42,35,31.6,14.7,48.4,28.6,1.7,2.16,1.13,0.305,1.5,0.7,2.4,0.679,0.6,0.914
Ben McLemore,MEM,56,7,49,19.5,7.5,27.9,19,0.9,1.91,1.13,0.27,0.9,0,1.4,0.48,0,0.775
Andre Ingram,LAL,2,1,1,32.1,12,34,25,0.9,1.57,1.13,0.353,0,0.5,0.5,0,0,0
Rodney McGruder,MIA,18,11,7,16.6,5.1,19.4,13.7,0.6,1.91,1.11,0.261,0.5,0,1.4,0.444,0,0.885
Marcus Morris,BOS,52,32,20,26.8,13.5,45.6,28.2,1.6,2.12,1.11,0.296,1,2.4,1.8,0.784,0.597,0.946
Brandon Paul,SAS,64,38,26,9,2.3,11.3,8,0.4,1.98,1.1,0.204,0.2,0,0.3,0.833,0,1.091
Jahlil Okafor,BKN,28,7,21,12.6,6.3,20.5,14.4,0.8,2.23,1.09,0.307,2.3,3,2.8,0.609,0.524,0.873
Al Horford,BOS,69,44,25,31.5,12.8,63.6,40.1,2.3,2.2,1.06,0.201,3.1,5.2,3.8,0.414,0.475,0.693
Troy Daniels,PHX,79,20,59,20.5,8.9,24.4,18.6,0.7,1.73,1.04,0.364,0.4,0,0.2,0.645,1,0.588
Thabo Sefolosha,UTA,38,16,22,21.2,8.2,34.2,20.9,1.1,1.97,1.04,0.24,1.1,0.1,1.6,0.775,0,0.814
JJ Redick,PHI,69,45,24,30.2,17,45.2,39.2,1.4,1.83,1.04,0.377,0.6,0,0.7,0.359,1,0.7
Jason Terry,MIL,51,27,24,16,3.3,18.7,11.4,0.5,1.74,1.03,0.174,0.1,0,0.1,0.571,0,0
Andrew White III,ATL,15,1,14,13.9,4.6,15.3,11.3,0.5,1.81,1.02,0.3,0.3,0,0.4,0.4,0,0.667
Luc Mbah a Moute,HOU,61,52,9,25.6,7.5,26.4,16,0.8,1.85,1.01,0.286,0.6,0.3,1,0.824,0.333,0.9
Arron Afflalo,ORL,53,16,37,12.9,3.4,14.1,10.9,0.5,2.03,1.01,0.24,0.3,1.1,0.2,0.667,0.345,0.4
Mindaugas Kuzminskas,NYK,1,0,1,1.9,0,2,2,0.1,2.42,1,0,0,0,2,0,0,0
Al-Farouq Aminu,POR,69,40,29,30,9.3,36.1,19.3,1.2,1.97,1,0.259,0.9,0.2,2.2,0.234,0.154,0.631
Nikola Jokic,DEN,75,43,32,32.6,18.5,86.2,51,3.1,2.13,0.99,0.214,4.2,7.5,6.3,0.318,0.455,0.803
OG Anunoby,TOR,74,51,23,20,5.9,18,13,0.5,1.76,0.97,0.33,0.2,0.1,1,0.647,0.167,0.944
Carmelo Anthony,OKC,76,46,30,32,16.3,53.9,28.5,1.8,2.06,0.97,0.302,1.4,3.6,1.4,0.429,0.654,0.981
Kendrick Perkins,CLE,1,0,1,14.5,3,23,12,0.9,2.22,0.96,0.13,1,2,1,0,1.5,0
Alfonzo McKinnie,TOR,14,13,1,3.8,1.5,4.6,2.9,0.1,1.84,0.95,0.328,0,0,0.1,0,0,2
Timothe Luwawu-Cabarrot,PHI,51,29,22,15.6,5.7,20.2,16.2,0.6,1.69,0.94,0.284,0.2,0,0.9,1.111,0,0.844
Michael Beasley,NYK,73,23,50,22.1,13,41.8,26.4,1.5,2.11,0.94,0.31,4.1,3.6,3.1,0.567,0.543,0.934
Mason Plumlee,DEN,74,40,34,19.5,7.1,31.3,20.3,1.1,2.05,0.93,0.227,2.1,1.6,5.4,0.386,0.446,0.821
Torrey Craig,DEN,39,22,17,16.1,4.2,16.9,10.7,0.5,1.79,0.92,0.248,0.2,0.1,1.8,0.444,0,0.841
Henry Ellenson,DET,38,21,17,8.7,4,19.5,9.1,0.6,1.8,0.92,0.204,0.5,0.3,0.5,0.333,0.4,0.789
Quincy Pondexter,CHI,23,6,17,8.5,2,12.4,7.6,0.4,1.93,0.91,0.157,0.1,0,0.9,1.333,0,0.65
LaMarcus Aldridge,SAS,75,45,30,33.4,23.1,61,45.2,2.2,2.12,0.91,0.379,4,13.9,8.7,0.517,0.577,0.957
Joel Embiid,PHI,62,41,21,30.3,23.1,76.4,52.2,2.8,2.19,0.91,0.302,3.7,13.7,6.3,0.346,0.655,0.916
Dwight Howard,CHA,81,35,46,30.4,16.6,48.1,27,1.6,2.02,0.91,0.346,2.6,8.2,9.3,0.402,0.563,0.988
Malachi Richardson,TOR,26,8,18,12.4,3.4,14.8,11.7,0.5,1.93,0.89,0.232,0.1,0.1,0.2,1,0,0.8
Omri Casspi,GSW,53,40,13,14,5.7,24.3,14,0.7,1.78,0.88,0.233,0.9,0.5,2.9,0.56,0.393,0.895
Jake Layman,POR,35,22,13,4.6,1,5.3,4.1,0.2,1.75,0.88,0.184,0.1,0.1,0.2,0,0,0.714
Trevor Ariza,HOU,67,51,16,33.9,11.7,38,26.5,1.1,1.8,0.87,0.307,0.3,0.1,0.8,0.739,0.286,0.404
Joe Harris,BKN,77,26,51,25.3,10.9,36.9,28.5,1.2,1.88,0.87,0.295,0.6,0,1.2,0.688,0,0.8
Trey Lyles,DEN,73,41,32,19.1,9.9,35.5,20.2,1.2,1.95,0.86,0.279,0.7,1.8,2,0.82,0.541,0.972
Sam Dekker,LAC,73,36,37,12.1,4.2,18.4,9.8,0.5,1.67,0.86,0.225,0.3,0.1,1.4,1.273,0.333,0.879
Montrezl Harrell,LAC,76,39,37,17,11,27.5,17.2,0.9,1.96,0.86,0.401,1.9,2.3,4.7,0.753,0.773,1.02
Darius Miller,NOP,82,48,34,23.7,7.8,23.1,17,0.7,1.75,0.86,0.336,0.4,0,0.3,0.333,0,0.19
Justin Anderson,PHI,37,27,10,13.9,6.2,20.4,15.6,0.7,1.94,0.85,0.305,0.4,0,1.7,0.846,0,0.71
Glenn Robinson III,IND,23,14,9,14.7,4.1,16.6,12.2,0.5,1.73,0.85,0.249,0.2,0,0.9,0.6,2,0.85
Bobby Portis,CHI,73,25,48,22.5,13.2,43,27.3,1.3,1.76,0.85,0.307,2.2,2.6,4.3,0.362,0.613,0.889
Anthony Davis,NOP,75,45,30,36.4,28.1,71.7,43.9,2.3,1.93,0.85,0.392,4.4,6.4,10.1,0.681,0.614,1.153
Zach Randolph,SAC,59,18,41,25.6,14.5,51.3,35.8,1.8,2.07,0.84,0.283,4.3,8.5,4.4,0.295,0.529,0.927
Pascal Siakam,TOR,81,59,22,20.7,7.3,37.7,21.5,1.1,1.73,0.84,0.193,1,0.3,2.8,0.53,0.364,0.872
Treveon Graham,CHA,63,28,35,16.7,4.3,19.4,11.7,0.5,1.68,0.83,0.223,0.3,0.1,0.9,0.35,0,0.667
Luol Deng,LAL,1,0,1,13.1,2,12,6,0.4,1.9,0.83,0.167,0,0,0,0,0,0
CJ Miles,TOR,70,50,20,19.1,10,22.8,17.1,0.6,1.63,0.83,0.439,0.2,0,0.2,0.429,0,0.929
Dorian Finney-Smith,DAL,21,4,17,21.3,5.9,27.1,17.2,0.8,1.88,0.82,0.216,0.3,0.2,1.4,0.5,0,0.9
Andre Drummond,DET,78,37,41,33.7,15,52.3,39.1,1.8,2.07,0.82,0.287,5.4,3.4,11.7,0.278,0.487,0.944
Lauri Markkanen,CHI,68,23,45,29.7,15.2,71.3,33.4,2,1.71,0.8,0.213,0.8,2.3,2.8,0.491,0.561,0.879
Josh Smith,NOP,3,2,1,3.9,0.7,8.3,4.3,0.3,1.89,0.8,0.08,0.3,0,1,0,0,0.667
Johnathan Motley,DAL,11,1,10,16,8.7,26.6,17,0.9,2,0.8,0.328,3.1,2,3.6,0.588,0.636,1.025
Maurice Harkless,POR,59,36,23,21.4,6.5,24.6,17,0.8,1.92,0.79,0.266,0.5,1,2.5,0.621,0.45,0.828
Derrick Jones Jr.,MIA,20,9,11,12.3,3.1,10.8,7.5,0.3,1.6,0.79,0.282,0.3,0,1.3,0.5,0,0.962
Allen Crabbe,BKN,73,24,49,29.2,13.2,43.2,32.3,1.2,1.68,0.79,0.305,0.5,0,0.7,0.794,0,0.588
Kelly Olynyk,MIA,75,41,34,23.3,11.5,50.3,30.2,1.7,1.99,0.78,0.228,2,1.9,2.9,0.311,0.451,0.728
Wayne Ellington,MIA,76,41,35,26.6,11.3,29.9,23.9,0.8,1.59,0.77,0.376,0.3,0,0.4,0.583,3,0.677
Johnny O'Bryant III,CHA,36,15,21,10.5,4.8,17.3,10.1,0.5,1.77,0.77,0.275,1,1.3,1.9,0.333,0.447,0.667
Jarell Martin,MEM,73,21,52,22.7,7.7,35.9,19.6,1.2,1.99,0.77,0.215,1.5,0.6,2.6,0.351,0.5,0.771
Derrick Williams,LAL,2,1,1,4.3,1,6.5,4,0.2,1.97,0.77,0.154,0,0,0.5,0,0,2
Bam Adebayo,MIA,68,33,35,19.8,7,27.3,20.1,1,2.16,0.77,0.256,5,2.7,4.8,0.127,0.187,0.892
Tony Snell,MIL,74,42,32,27.4,6.8,25.7,16.7,0.7,1.58,0.75,0.266,0.3,0,0.4,0.792,0,0.714
Malcolm Miller,TOR,15,15,0,8.4,2.5,9.8,7.1,0.3,1.74,0.75,0.259,0,0,0.3,0,0,1.2
Jeremy Evans,ATL,1,0,1,5.4,2,8,6,0.2,1.43,0.75,0.25,0,0,1,0,0,2
Troy Williams,NYK,21,7,14,14.6,6.3,19.2,14.3,0.5,1.69,0.74,0.33,0.4,0,1.7,1.125,0,0.829
Robin Lopez,CHI,64,23,41,26.4,11.8,34.9,28.8,1.1,1.84,0.74,0.338,6.4,4.1,6.8,0.538,0.41,0.843
Nemanja Bjelica,MIN,67,38,29,20.5,6.8,32.1,16.8,0.9,1.72,0.74,0.211,0.3,0.2,1.4,0.522,0.267,0.979
Noah Vonleh,CHI,54,24,30,16.2,4.9,30.1,13.1,0.8,1.65,0.73,0.163,0.8,0.8,2.2,0.341,0.356,0.775
Guerschon Yabusele,BOS,32,23,9,7.3,2.5,14.1,8.9,0.4,1.77,0.73,0.175,0.3,0.3,0.8,0.5,0.625,0.583
Terrance Ferguson,OKC,59,37,22,12.6,3.2,8.2,6.7,0.2,1.41,0.72,0.389,0.3,0,0.5,0.933,0,0.621
Nikola Mirotic,NOP,55,34,21,27.2,15.6,56.2,27.2,1.7,1.81,0.72,0.278,0.9,2.8,3.3,0.725,0.558,0.961
Greg Monroe,BOS,50,21,29,20.5,10.3,38.3,25.7,1.4,2.18,0.72,0.27,3.7,5,5.3,0.355,0.454,0.898
Vince Carter,SAC,58,20,38,17.7,5.4,28.3,18.4,0.9,1.94,0.71,0.191,0.9,1.3,0.7,0.154,0.333,0.286
Thaddeus Young,IND,81,48,33,32.2,11.8,48.7,26.4,1.4,1.7,0.7,0.242,2,3.4,4.9,0.5,0.505,0.885
Joffrey Lauvergne,SAS,55,30,25,9.7,4.1,15.1,9.8,0.5,1.83,0.7,0.271,2,1.1,3.5,0.389,0.467,0.821
Jae Crowder,UTA,80,52,28,26.1,9.7,38.6,22.5,1,1.56,0.7,0.25,0.6,0.5,1.8,0.636,0.158,0.931
Zach Collins,POR,66,41,25,15.8,4.4,19,12,0.6,1.85,0.69,0.232,0.8,1.4,1.6,0.4,0.323,0.689
Justin Jackson,SAC,68,21,47,22.2,6.7,27.3,20,0.8,1.82,0.68,0.244,0.5,0.1,1.1,0.667,0,1.065
Eric Moreland,DET,67,32,35,12,2.1,16.1,12.1,0.5,2.05,0.68,0.133,3.5,0.4,2.8,0.094,0.143,0.5
Adreian Payne,ORL,5,0,5,8.5,4.2,12.4,6.8,0.4,1.77,0.68,0.339,1,0.6,1,0.2,0.667,1
Gordon Hayward,BOS,1,0,1,5.3,2,9,7,0.2,1.32,0.67,0.222,1,0,0,2,0,0
Udonis Haslem,MIA,14,9,5,5.1,0.6,5.1,3.9,0.2,2.04,0.66,0.113,0.6,0.6,0.4,0,0.25,0.667
Reggie Bullock,DET,62,32,30,27.9,11.3,30.2,25,0.8,1.66,0.66,0.372,0.6,0,1.7,0.65,0,0.877
Willie Cauley-Stein,SAC,73,23,50,28,12.8,54.8,33,1.7,1.85,0.64,0.233,7.1,3.9,6.6,0.346,0.489,0.831
Cody Zeller,CHA,33,14,19,19,7.1,19.8,14.6,0.5,1.51,0.63,0.356,3.1,0.2,4.5,0.406,0.4,0.812
Alex Poythress,IND,25,10,15,4.2,1,5.1,2.9,0.1,1.56,0.63,0.203,0.1,0,0.7,0.667,0,0.588
Luke Babbitt,MIA,49,15,34,14.1,5.1,21.6,13.2,0.6,1.54,0.62,0.235,0.4,0.1,0.4,0.5,0.667,0.833
Kevon Looney,GSW,66,45,21,13.8,4,21.1,12.5,0.6,1.62,0.62,0.191,1.2,0.8,2.8,0.354,0.208,0.732
Juancho Hernangomez,DEN,25,15,10,11.1,3.3,13.8,8.5,0.3,1.44,0.62,0.237,0.2,0.1,0.8,1,0,1
Dario Saric,PHI,77,49,28,29.6,14.6,60.4,38.1,1.6,1.61,0.62,0.242,2.9,2,4.3,0.386,0.383,0.764
Nick Collison,OKC,13,9,4,4.4,2,9.6,5.8,0.3,1.65,0.61,0.208,0.9,0.1,1.4,0.917,2,0.944
Joakim Noah,NYK,7,1,6,5.7,1.7,13.4,7.4,0.3,1.48,0.61,0.128,0.6,0.4,1.6,0,0,0.545
Domantas Sabonis,IND,74,45,29,24.5,11.6,54.8,32.9,1.4,1.51,0.61,0.212,4.8,2.6,6,0.632,0.466,0.798
Trevor Booker,IND,67,36,31,17.1,6.4,34,19.3,0.9,1.66,0.6,0.187,2,1.8,3.8,0.478,0.39,0.763
Mike Scott,WAS,76,39,37,18.5,8.8,29.9,19.3,0.8,1.59,0.6,0.294,2.8,1.4,2.1,0.366,0.679,0.795
Frank Kaminsky,CHA,79,35,44,23.2,11.1,47.3,26.6,1.3,1.64,0.6,0.233,2,1.2,1.3,0.443,0.598,0.827
Cristiano Felicio,CHI,55,13,42,17.8,5.6,21,15.9,0.7,1.87,0.6,0.266,2.9,1.3,4.1,0.34,0.338,0.749
Caleb Swanigan,POR,27,16,11,7,2.3,9.3,6.3,0.3,2,0.6,0.244,1,1,1.9,0.269,0.222,0.784
Willie Reed,DET,42,20,22,10.2,4.6,12.5,7.2,0.4,1.7,0.59,0.372,1.1,1,2.9,0.6,0.442,1.132
Wesley Johnson,LAC,74,38,36,20.1,5.4,20.8,13.2,0.5,1.45,0.59,0.262,0.4,0.1,0.9,0.654,0.5,0.783
Dakari Johnson,OKC,30,21,9,4.9,1.8,5.9,4.1,0.2,1.9,0.59,0.303,0.4,0.5,0.9,0.308,0.867,0.556
Brandan Wright,HOU,28,11,17,13.6,5,19.7,11.3,0.5,1.61,0.59,0.252,1.8,0.5,3.7,0.255,0.533,0.942
Nikola Vucevic,ORL,57,17,40,29.5,16.5,65.4,42.9,1.8,1.69,0.58,0.252,5.2,6,6.8,0.453,0.363,0.887
Jonas Valanciunas,TOR,77,56,21,22.4,12.7,47.5,25.5,1.4,1.76,0.58,0.268,3.5,2.8,6.7,0.701,0.696,0.949
Jacob Wiley,BKN,4,1,3,8.1,1,11.3,5,0.3,1.4,0.58,0.089,0.8,0,0.8,0.333,0,0.333
Chris McCullough,WAS,19,11,8,4.7,2.4,9.5,4.5,0.2,1.49,0.58,0.256,0.5,0.1,1,0.222,0,0.737
Josh McRoberts,DAL,2,2,0,2.9,0,3.5,1,0.1,1.19,0.57,0,0.5,0,0,0,0,0
Hassan Whiteside,MIA,54,30,24,25.3,14,33.7,22.8,1.1,1.89,0.57,0.414,4.5,4.4,9.1,0.412,0.513,0.964
Taj Gibson,MIN,82,47,35,33.2,12.2,49.8,27.2,1.2,1.48,0.56,0.245,3.7,2.7,7.1,0.521,0.628,0.91
Semi Ojeleye,BOS,70,47,23,16.2,2.8,20.3,10.5,0.5,1.59,0.56,0.137,0.2,0.1,0.7,0.471,0,0.532
PJ Tucker,HOU,82,65,17,27.8,6.1,32.3,15.9,0.7,1.38,0.56,0.189,0.6,0.1,1.4,0.042,0,0.518
Kenneth Faried,DEN,32,16,16,14.4,5.9,20.4,11.3,0.6,1.62,0.56,0.288,1.4,1.1,5,0.591,0.471,0.855
Jonathan Isaac,ORL,27,11,16,19.8,5.4,28,14.9,0.7,1.53,0.56,0.192,0.7,0.5,1.7,0.35,0.308,0.702
Jon Leuer,DET,8,5,3,17.1,5.4,28.6,15.9,0.8,1.72,0.56,0.188,2.6,0.8,2.6,0.095,0.333,0.857
Jerami Grant,OKC,80,48,32,20.3,8.4,30.9,16.6,0.8,1.59,0.56,0.272,1.8,1,3.2,0.676,0.608,0.843
Ivan Rabb,MEM,36,6,30,14.3,5.6,24.6,14.1,0.7,1.79,0.56,0.227,2.6,1.7,3.9,0.379,0.475,0.768
Marc Gasol,MEM,73,21,52,33,17.2,83.7,57.8,2.4,1.75,0.55,0.206,8,10.2,5.4,0.247,0.402,0.657
Kristaps Porzingis,NYK,48,22,26,32.4,22.7,61,40.2,1.7,1.64,0.55,0.371,5.4,8,4.3,0.669,0.687,0.83
Willy Hernangomez,CHA,48,20,28,10.3,5.1,18.5,10,0.5,1.7,0.54,0.276,1.9,1.4,3.2,0.319,0.406,0.771
Brook Lopez,LAL,74,34,40,23.4,13,37.2,26.1,1.1,1.74,0.54,0.349,3,5.5,3.1,0.416,0.495,0.948
Alan Williams,PHX,5,1,4,14.1,4,23.4,15.6,0.6,1.66,0.54,0.171,5,2.2,2.8,0.16,0,0.643
Travis Wear,LAL,17,7,10,13.4,4.4,19.5,9.8,0.4,1.38,0.53,0.227,0.2,0.3,0.2,1,0.8,1
Markieff Morris,WAS,73,37,36,27,11.5,38.1,25.7,1,1.57,0.53,0.302,2.4,3.5,3,0.439,0.552,0.886
Khem Birch,ORL,42,14,28,13.8,4.2,19.7,11.3,0.5,1.51,0.53,0.215,2.4,0.8,4,0.287,0.265,0.681
Karl-Anthony Towns,MIN,82,47,35,35.6,21.3,69.3,42.3,2,1.75,0.53,0.307,3.6,6.5,6.1,0.622,0.675,1.077
Jusuf Nurkic,POR,79,48,31,26.4,14.3,57.1,31,1.6,1.71,0.53,0.251,4.5,4.5,6.2,0.503,0.52,0.963
Jordan Mickey,MIA,23,15,8,12.3,4,23.3,9.7,0.6,1.58,0.53,0.174,1.6,0.7,1.8,0.595,0.375,0.878
Andrew Bogut,LAL,24,7,17,9,1.5,15.1,8.2,0.4,1.69,0.53,0.099,1.3,0.3,2,0.188,0,0.75
Skal Labissiere,SAC,60,19,41,20.7,8.7,33.9,21.1,1,1.84,0.52,0.258,4,3.8,4.2,0.315,0.408,0.693
Kyle Korver,CLE,73,43,30,21.6,9.2,21.5,16.3,0.5,1.37,0.52,0.429,0.2,0,0.5,0.588,1,0.8
Marshall Plumlee,MIL,8,5,3,6.5,1.8,7.4,4.6,0.2,1.83,0.51,0.237,0.9,0.1,1.8,0.286,0,0.286
JaMychal Green,MEM,55,11,44,28,10.3,46,25.5,1.2,1.62,0.51,0.225,2.5,1.7,5.2,0.356,0.441,0.817
Tyler Lydon,DEN,1,1,0,2.2,0,4,3,0.1,1.01,0.5,0,0,0,1,0,0,0
Naz Mitrou-Long,UTA,1,0,1,0.5,3,2,2,0,0.92,0.5,1.5,0,0,0,0,0,0
Jordan Bell,GSW,57,43,14,14.2,4.6,27.7,15.9,0.8,1.71,0.5,0.166,1.9,1.1,3.2,0.377,0.194,0.8
Davis Bertans,SAS,77,43,34,14.1,5.9,24.2,13.6,0.6,1.4,0.5,0.245,0.3,0.1,0.7,0.25,0.6,0.922
David West,GSW,73,52,21,13.7,6.8,26.5,19.2,0.8,1.72,0.5,0.256,2.7,3.4,3.3,0.495,0.271,0.988
Zhou Qi,HOU,18,14,4,6.9,1.2,8.2,4.4,0.2,1.47,0.49,0.149,0.2,0.2,0.7,0.5,0,0.667
Tony Bradley,UTA,9,6,3,3.2,0.9,4.3,2.7,0.1,1.53,0.49,0.205,0.9,0.2,0.8,0.5,0,0.571
Jamil Wilson,LAC,15,6,9,18.3,7,27.1,15.4,0.6,1.41,0.49,0.258,0.3,0.1,0.4,0.8,0,1
Nigel Hayes,SAC,9,6,3,13.6,3,21.3,12.8,0.6,1.71,0.48,0.141,1.4,0.8,0.3,0.154,0.571,0
Josh Huestis,OKC,68,43,25,14.2,2.3,12.9,7.4,0.3,1.46,0.48,0.181,0.2,0,0.9,0.071,1,0.61
Jared Dudley,PHX,48,7,41,14.3,3.2,28.7,15.8,0.7,1.55,0.48,0.11,0.6,0.7,0.5,0.071,0.121,0.727
Ante Zizic,CLE,32,21,11,6.7,3.7,8.7,4.8,0.2,1.7,0.48,0.427,1,0.9,2.3,0.419,0.571,1.123
TJ Leaf,IND,53,31,22,8.7,2.9,11.7,6.5,0.3,1.47,0.47,0.251,0.4,0.2,0.9,0.5,0.5,0.86
Robert Covington,PHI,79,51,28,31.7,12.7,46.9,30,1.1,1.44,0.47,0.271,0.8,0.1,1.5,0.468,0.571,0.78
Miles Plumlee,ATL,55,19,36,16.7,4.3,24.4,15.1,0.7,1.62,0.47,0.176,4,0.5,4.4,0.198,0.333,0.713
JaKarr Sampson,SAC,22,6,16,15.6,4.7,19.7,11,0.5,1.66,0.47,0.238,0.6,1,2,0.286,0.429,1.022
Serge Ibaka,TOR,76,53,23,27.5,12.6,42.1,25.5,1.1,1.62,0.46,0.3,1.3,1.1,2.5,0.735,0.889,0.865
Amir Johnson,PHI,74,47,27,15.8,4.6,26.9,18.8,0.6,1.38,0.46,0.172,4,0.5,4.4,0.158,0.231,0.668
Ryan Anderson,HOU,66,52,14,26.1,9.3,31,18.8,0.7,1.39,0.45,0.301,0.4,0.3,1.7,0.28,0.667,0.699
Nerlens Noel,DAL,30,6,24,15.7,4.4,20.4,11.5,0.5,1.53,0.45,0.214,2.6,0.4,5.1,0.282,0.167,0.682
Matt Costello,SAS,4,2,2,8,1,11,6,0.3,1.56,0.45,0.091,0.5,0.3,2,0,0,0.25
Ike Anigbogu,IND,11,5,6,2.7,1.2,5.5,2.7,0.1,1.34,0.45,0.217,0.1,0.4,0.6,2,0.5,1
Gorgui Dieng,MIN,79,45,34,16.9,5.9,28.3,16.3,0.7,1.59,0.45,0.21,2.1,0.6,3.2,0.455,0.367,0.713
Ersan Ilyasova,PHI,69,36,33,25.1,10.9,45.7,27.3,1,1.36,0.45,0.238,2.8,0.7,3.8,0.391,0.66,0.862
Ed Davis,POR,78,48,30,18.9,5.3,30.5,12.3,0.8,1.67,0.45,0.174,1.8,0.4,4.8,0.507,0.393,0.779
Dragan Bender,PHX,82,21,61,25.2,6.5,45,22.8,1.1,1.51,0.45,0.144,0.8,1.1,1.2,0.294,0.141,0.677
Doug McDermott,DAL,80,29,51,21.7,7.7,26.3,21.3,0.7,1.5,0.45,0.294,0.7,0.1,1.8,0.5,0.364,1.055
Channing Frye,LAL,53,28,25,13.1,5,22.1,11.2,0.6,1.52,0.45,0.225,0.6,0.7,0.9,0.424,0.676,1.063
Zaza Pachulia,GSW,69,47,22,14.1,5.4,26.1,15.6,0.6,1.48,0.44,0.207,2.4,1.2,3.9,0.545,0.247,0.822
Tristan Thompson,CLE,53,27,26,20.2,5.8,28.3,12.9,0.7,1.52,0.44,0.205,1.9,0.5,5.7,0.466,0.385,0.717
Nene,HOU,52,42,10,14.6,6.5,24,14.1,0.6,1.62,0.44,0.273,3.3,0.6,4.2,0.637,0.781,0.761
Luke Kornet,NYK,20,6,14,16.3,6.7,32.7,19.6,0.7,1.35,0.44,0.205,0.7,0.8,2,0,0.733,0.974
Isaiah Hicks,NYK,18,4,14,13.3,4.4,19,11.4,0.5,1.58,0.44,0.234,1.2,1.1,2.4,0.571,0.526,0.744
Enes Kanter,NYK,70,26,44,25.8,14.1,51.4,29.8,1.5,1.78,0.44,0.275,3.5,5.9,7.9,0.517,0.524,1.007
Patrick Patterson,OKC,80,48,32,15.3,3.7,20.7,11.5,0.5,1.32,0.43,0.18,0.4,0.3,0.8,0.276,0.455,0.651
James Young,PHI,6,4,2,10.2,2.8,9,7.8,0.3,1.73,0.43,0.315,0.5,0,0.3,0,0,0
Jameel Warney,DAL,3,1,2,9,5.7,12.3,9,0.3,1.59,0.43,0.459,1.3,2.3,4,0.5,0.571,1
Richaun Holmes,PHI,47,30,17,15.5,6.6,27.6,18.6,0.7,1.42,0.42,0.238,3.9,0.4,3.9,0.16,0.444,1.027
Larry Nance Jr.,CLE,66,32,34,21.5,8.7,36.8,18.5,0.9,1.5,0.42,0.236,3.5,0.9,6.5,0.433,0.344,0.853
Kevin Love,CLE,59,37,22,28,17.6,52.3,28.2,1.4,1.65,0.42,0.337,1.6,4.5,4.8,0.358,0.633,0.905
D.J. Wilson,MIL,22,12,10,3.2,1,5,2.7,0.1,1.55,0.42,0.193,0.5,0,0.2,0.2,0,0.8
Brice Johnson,MEM,18,2,16,5.4,2.4,9.9,4.8,0.2,1.44,0.42,0.242,0.7,0.3,0.9,0.615,1,0.938
Al Jefferson,IND,36,17,19,13.4,7,26.7,15.9,0.8,1.76,0.42,0.262,2.4,3.8,2,0.424,0.765,0.877
Marquese Chriss,PHX,72,19,53,21.2,7.7,38.9,20.5,1,1.52,0.41,0.199,1.9,1.5,2.8,0.3,0.37,0.786
Kosta Koufos,SAC,71,22,49,19.6,6.7,34.9,19.3,1,1.7,0.41,0.192,4.3,1.4,5.4,0.362,0.438,0.813
John Collins,ATL,73,21,52,24.1,10.4,47.2,26.7,1.2,1.49,0.41,0.22,4.6,0.9,6.9,0.375,0.422,0.898
Joel Bolomboy,MIL,6,3,3,6.3,1.5,7.7,4.7,0.2,1.94,0.41,0.196,0.5,0.2,2.2,0,0,0.385
Dwight Powell,DAL,79,23,56,21.2,8.5,33.6,18.9,0.9,1.53,0.41,0.253,2.4,0.4,5.9,0.354,0.424,0.894
Andre Roberson,OKC,37,24,13,26.6,4.9,24.5,14.3,0.5,1.28,0.41,0.2,0.9,0,3.9,0.515,0,0.66
Lance Thomas,NYK,72,24,48,18.4,4.1,22.3,15.3,0.6,1.64,0.4,0.182,0.5,0.2,1.2,0.294,0.125,0.536
Jonas Jerebko,UTA,74,45,29,15.3,5.8,28.2,17.3,0.6,1.38,0.4,0.206,0.6,0.1,1.2,0.766,0.091,0.818
Jack Cooley,SAC,7,4,3,12.5,5.7,18.3,13.1,0.6,1.82,0.4,0.313,2.4,1.1,4.6,0.412,0.5,0.844
Darrell Arthur,DEN,19,12,7,7.4,2.8,11.8,7.3,0.3,1.45,0.4,0.24,0.6,0.2,1,0.364,0.5,0.737
Timofey Mozgov,BKN,29,11,18,11.9,4.4,18.4,12.2,0.4,1.41,0.38,0.241,1.3,1.2,3.1,0.432,0.389,0.733
Pau Gasol,SAS,77,45,32,23.5,10.1,53.1,32.6,1.4,1.55,0.38,0.19,4.9,3.1,4.6,0.338,0.423,0.821
Omer Asik,CHI,18,7,11,10.1,1.2,13.2,5.5,0.3,1.34,0.38,0.092,1.1,0.1,1.3,0.45,0,0.292
Georgios Papagiannis,POR,17,3,14,7.2,2.1,13.9,7.1,0.4,1.58,0.38,0.152,1.7,1,1.9,0.345,0.353,0.667
Chinanu Onuaku,HOU,1,0,1,21.6,4,26,18,0.7,1.66,0.38,0.154,3,3,4,0,0.667,0
Aron Baynes,BOS,78,51,27,18.4,5.9,28.2,19.1,0.7,1.54,0.38,0.21,3,1.4,4.6,0.342,0.541,0.711
Tarik Black,HOU,51,40,11,10.5,3.5,18.6,9.3,0.5,1.71,0.37,0.19,1.1,0.2,2.8,0.732,0.25,0.785
Omari Johnson,MEM,4,1,3,18.8,5.5,27.8,16.5,0.7,1.56,0.37,0.198,1.3,0.3,1.3,0,0,0.8
Ben Moore,IND,2,1,1,4.6,0,4,1.5,0.1,1.12,0.37,0,0,0,0.5,0,0,0
Tyler Cavanaugh,ATL,38,11,27,13.2,4.8,22.2,13.1,0.5,1.32,0.36,0.217,1.4,0.1,1.8,0.148,0,0.686
Mike Muscala,ATL,53,14,39,20,7.6,31.2,18.7,0.7,1.28,0.36,0.245,1.8,0.2,2.3,0.379,0.333,0.76
Meyers Leonard,POR,33,17,16,7.7,3.4,14,8.5,0.4,1.75,0.36,0.242,1.1,0.3,1.5,0.676,1,0.804
JaVale McGee,GSW,65,45,20,9.5,4.8,13.6,8.2,0.3,1.28,0.36,0.351,1.2,0.7,2.7,0.663,0.5,1.011
Boban Marjanovic,LAC,39,18,21,8.7,6,13.3,8.8,0.4,1.65,0.36,0.453,1.1,3.2,4.5,0.244,0.635,0.943
Tyler Zeller,MIL,64,26,38,16.7,6.5,22.1,15,0.5,1.33,0.35,0.296,2.2,0.4,4.6,0.486,0.519,0.911
Rudy Gobert,UTA,56,37,19,32.4,13.5,59.5,33.7,1.5,1.49,0.35,0.227,6.7,0.6,10.8,0.405,0.143,0.88
Marreese Speights,ORL,52,15,37,13,7.7,25.6,17.3,0.6,1.47,0.35,0.302,0.6,1.7,0.9,0.267,0.607,0.733
Jarrett Allen,BKN,70,24,46,20,8.3,32.3,20.2,0.7,1.34,0.35,0.257,2.7,0.3,6.4,0.416,0.522,0.84
Ekpe Udoh,UTA,63,36,27,12.9,2.6,17.9,11.1,0.4,1.42,0.35,0.144,2,0.4,2.8,0.209,0.16,0.68
Clint Capela,HOU,74,62,12,27.5,13.9,51.5,25.3,1.3,1.48,0.35,0.269,5.1,0.7,10.7,0.516,0.636,0.919
Alex Len,PHX,69,20,49,20.2,8.5,32.1,19,0.8,1.47,0.35,0.265,4,1.8,6.3,0.375,0.402,0.873
Thomas Bryant,LAL,15,7,8,4.8,1.5,6.8,3.7,0.2,1.5,0.34,0.216,0.5,0.3,0.7,0,0,1
Steven Adams,OKC,75,43,32,32.8,13.9,40,26,0.9,1.41,0.34,0.348,5,2,13,0.614,0.682,0.813
Myles Turner,IND,65,39,26,28.2,12.7,48.9,27.9,1.1,1.4,0.34,0.26,3.4,2.4,3.7,0.498,0.619,0.849
Mirza Teletovic,MIL,9,4,5,15.8,7.6,28.7,15.9,0.6,1.24,0.34,0.264,0.1,0.2,0.4,0,1,0.5
John Henson,MIL,75,39,36,26,8.9,30.7,19.8,0.8,1.47,0.34,0.288,4,0.6,7.7,0.262,0.574,0.853
Dewayne Dedmon,ATL,61,18,43,24.9,10,42,24.6,1,1.47,0.34,0.239,3.7,0.6,4.2,0.395,0.429,0.981
Daniel Theis,BOS,60,41,19,14.9,5.4,23.7,15.1,0.6,1.59,0.34,0.228,1.3,0.5,3.4,0.468,0.467,0.846
Alec Peters,PHX,20,2,18,11.2,4.1,16.5,10.3,0.4,1.38,0.34,0.249,0.6,0.2,1.1,0.333,0.667,0.81
Salah Mejri,DAL,61,21,40,11.9,3.5,17.3,9,0.4,1.45,0.33,0.203,1.9,0.2,3.2,0.342,0.833,0.809
Maxi Kleber,DAL,72,20,52,16.8,5.4,20.1,12.4,0.5,1.4,0.33,0.267,0.9,0.4,2.5,0.388,0.645,0.923
Ian Mahinmi,WAS,77,42,35,14.9,4.8,21.1,11.2,0.5,1.49,0.33,0.225,2.2,0.3,4,0.396,0.409,0.812
Kyle O'Quinn,NYK,76,27,49,17.9,7.1,38.1,20.5,1.2,1.83,0.32,0.187,2.8,1.2,3.7,0.443,0.394,0.993
Marcin Gortat,WAS,82,43,39,25.3,8.4,41.9,21.7,1,1.45,0.31,0.201,4.8,2.2,7.2,0.334,0.584,0.77
Ivica Zubac,LAL,43,19,24,9.5,3.7,17.4,9.4,0.4,1.38,0.31,0.216,1.5,1.1,2.9,0.381,0.125,0.888
Derrick Favors,UTA,77,46,31,28,12.3,51.5,32.4,1.2,1.36,0.31,0.238,4.8,1.8,7.7,0.597,0.304,0.963
Cheick Diallo,NOP,52,29,23,11.2,4.9,17.3,7.2,0.4,1.42,0.31,0.283,0.9,0.4,2.5,0.833,0.727,0.992
Marvin Williams,CHA,78,33,45,25.7,9.5,45.1,23.7,0.9,1.21,0.3,0.212,1.1,0.9,1.7,0.407,0.746,0.794
Devin Robinson,WAS,1,0,1,13.2,2,20,15,0.5,1.35,0.3,0.1,0,0,2,0,0,1
Damian Jones,GSW,15,7,8,5.9,1.7,7.3,4.7,0.2,1.49,0.3,0.229,0.7,0.3,1.7,0,0,0.72
Jakob Poeltl,TOR,82,59,23,18.6,6.9,27.1,14.8,0.6,1.27,0.29,0.255,2.2,0.4,5.4,0.506,0.406,0.919
Tyson Chandler,PHX,46,15,31,25,6.5,33.9,18.3,0.9,1.56,0.28,0.192,3.4,0.5,6.6,0.173,0.091,0.875
Cole Aldrich,MIN,21,14,7,2.3,0.6,3.8,2,0.1,1.47,0.28,0.15,0.4,0.1,0.8,0.333,0.667,0.563
Bismack Biyombo,ORL,82,25,57,18.2,5.7,30.3,15.1,0.8,1.52,0.28,0.189,2.9,0.5,5.3,0.295,0.579,0.727
Anthony Tolliver,DET,79,37,42,22.2,8.9,46.1,20.4,1,1.34,0.28,0.193,0.7,0.1,1,0.107,0.667,0.772
Dante Cunningham,BKN,73,34,39,21.4,5.7,27.9,14.6,0.6,1.25,0.27,0.204,0.8,0.2,2.1,0.579,0.118,0.713
Bruno Caboclo,SAC,12,4,8,8.9,2.2,13.5,6.4,0.3,1.27,0.27,0.16,0.3,0.7,0.8,0.667,0.75,0.8
Okaro White,CLE,6,2,4,13.3,3.3,20.2,8.7,0.5,1.4,0.26,0.165,0,0,0.7,0,0,1.25
Jeff Withey,DAL,10,2,8,3.9,1.5,5.7,3.7,0.1,1.4,0.26,0.263,0.5,0.2,0.2,1,0,1
Quincy Acy,BKN,68,25,43,19.5,5.9,32.8,20,0.7,1.27,0.25,0.18,0.5,0.2,0.9,0.429,0.357,0.629
Jason Smith,WAS,33,15,18,8.6,3.4,15.6,8.6,0.4,1.36,0.25,0.219,1,0.2,1.1,0.313,0,0.722
Dirk Nowitzki,DAL,77,24,53,24.7,12,42.6,27.6,1,1.39,0.25,0.283,1.9,2.6,0.9,0.469,0.627,0.866
James Webb III,BKN,10,1,9,12,1.6,21.7,10.6,0.4,1.18,0.24,0.074,0.1,0.4,0.8,0,0,0
Deyonta Davis,MEM,62,16,46,15.2,5.8,22.1,12.1,0.5,1.36,0.24,0.263,2.2,0.4,3.9,0.191,0.308,1.061
DeAndre Jordan,LAC,77,39,38,31.5,12,55.3,25.6,1.4,1.53,0.23,0.218,2.7,1.5,10.3,0.24,0.277,0.972
Thon Maker,MIL,73,40,33,16.8,4.8,22.5,11.9,0.5,1.46,0.22,0.215,2,0.2,3,0.26,0.333,0.573
Lucas Nogueira,TOR,49,36,13,8.5,2.5,11.7,6.7,0.2,1.04,0.19,0.213,0.8,0.1,1.9,0.125,0,0.895
Emeka Okafor,NOP,26,16,10,13.6,4.4,14.9,8.2,0.3,1.16,0.19,0.295,1.4,0.7,4,0.27,0.444,0.67
James Michael McAdoo,PHI,3,1,2,6,2.7,9.7,6,0.2,0.99,0.17,0.276,0,0,0.3,0,0,2
Mangok Mathiang,CHA,4,3,1,4.9,2,6.8,3.3,0.1,1.28,0.15,0.296,0.8,0,1.8,0.667,0,1.143
Trey McKinney-Jones,IND,1,1,0,1.2,0,1,1,0,2.28,0,0,0,0,0,0,0,0
Chris Boucher,GSW,1,1,0,1.3,0,4,3,0.1,1.63,0,0,0,0,0,0,0,0